num_layers,units,mse,complexity,expr0,expr1,expr2
1,[1],0.543481707572937,348,0.00274*x_1**4.0/x_0**4.0 + 0.00351*x_1**3.0/x_0**3.0 + 0.0786*x_1**2.0/x_0**2.0 + 0.00023*x_1**3.0/x_0**2.0 + 0.00086*x_1**4.0/x_0**2.0 + 0.04917*x_1/x_0**1.0 + 0.00033*x_1**2.0/x_0**1.0 + 0.00055*x_1**3.0/x_0**1.0 - 0.00771*x_0/x_1**1.0 + 0.00022*x_0*x_1 + 3.0e-5*x_0*x_1**2.0 + 0.00256*x_0 - 0.01423*x_0**2.0/x_1**2.0 - 6.0e-5*x_0**2.0/x_1**1.0 + 2.0e-5*x_0**2.0*x_1 + 7.0e-5*x_0**2.0*x_1**2.0 + 0.00647*x_0**2.0 + 9.0e-5*x_0**3.0/x_1**3.0 - 3.0e-5*x_0**3.0/x_1**2.0 - 4.0e-5*x_0**3.0/x_1**1.0 + 2.0e-5*x_0**3.0 + 9.0e-5*x_0**4.0/x_1**4.0 - 9.0e-5*x_0**4.0/x_1**2.0 + 2.0e-5*x_0**4.0 + 0.00342*x_1 + 0.01262*x_1**2.0 + 4.0e-5*x_1**3.0 + 7.0e-5*x_1**4.0 + 1.97011,0.00664*x_1**4.0/x_0**4.0 + 0.00851*x_1**3.0/x_0**3.0 + 0.1907*x_1**2.0/x_0**2.0 + 0.00057*x_1**3.0/x_0**2.0 + 0.00208*x_1**4.0/x_0**2.0 + 0.1193*x_1/x_0**1.0 + 0.0008*x_1**2.0/x_0**1.0 + 0.00133*x_1**3.0/x_0**1.0 - 0.0187*x_0/x_1**1.0 + 0.00056*x_0*x_1 + 7.0e-5*x_0*x_1**2.0 + 0.0062*x_0 - 0.03453*x_0**2.0/x_1**2.0 - 0.00014*x_0**2.0/x_1**1.0 + 5.0e-5*x_0**2.0*x_1 + 0.00018*x_0**2.0*x_1**2.0 + 0.0157*x_0**2.0 + 0.00022*x_0**3.0/x_1**3.0 - 8.0e-5*x_0**3.0/x_1**2.0 - 0.0001*x_0**3.0/x_1**1.0 + 4.0e-5*x_0**3.0 + 0.00022*x_0**4.0/x_1**4.0 - 0.00021*x_0**4.0/x_1**2.0 + 5.0e-5*x_0**4.0 + 0.00828*x_1 + 0.03063*x_1**2.0 + 9.0e-5*x_1**3.0 + 0.00016*x_1**4.0 + 1.37922,0.01135*x_1**4.0/x_0**4.0 + 0.01456*x_1**3.0/x_0**3.0 + 0.32614*x_1**2.0/x_0**2.0 + 0.00097*x_1**3.0/x_0**2.0 + 0.00356*x_1**4.0/x_0**2.0 + 0.20402*x_1/x_0**1.0 + 0.00137*x_1**2.0/x_0**1.0 + 0.00228*x_1**3.0/x_0**1.0 - 0.03198*x_0/x_1**1.0 + 0.00095*x_0*x_1 + 0.00012*x_0*x_1**2.0 + 0.0106*x_0 - 0.05905*x_0**2.0/x_1**2.0 - 0.00025*x_0**2.0/x_1**1.0 + 8.0e-5*x_0**2.0*x_1 + 0.0003*x_0**2.0*x_1**2.0 + 0.02684*x_0**2.0 + 0.00038*x_0**3.0/x_1**3.0 - 0.00014*x_0**3.0/x_1**2.0 - 0.00018*x_0**3.0/x_1**1.0 + 6.0e-5*x_0**3.0 + 0.00038*x_0**4.0/x_1**4.0 - 0.00036*x_0**4.0/x_1**2.0 + 8.0e-5*x_0**4.0 + 0.01416*x_1 + 0.05237*x_1**2.0 + 0.00015*x_1**3.0 + 0.00028*x_1**4.0 + 2.08416
1,[2],0.03986646234989166,348,-0.00131*x_1**4.0/x_0**4.0 - 0.00767*x_1**3.0/x_0**3.0 + 0.03642*x_1**2.0/x_0**2.0 - 0.00044*x_1**3.0/x_0**2.0 - 0.00257*x_1**4.0/x_0**2.0 + 0.13988*x_1/x_0**1.0 - 0.00141*x_1**2.0/x_0**1.0 - 0.00753*x_1**3.0/x_0**1.0 - 0.01833*x_0/x_1**1.0 - 0.00209*x_0*x_1 - 6.0e-5*x_0*x_1**2.0 + 0.00364*x_0 - 0.01636*x_0**2.0/x_1**2.0 - 0.00013*x_0**2.0/x_1**1.0 - 4.0e-5*x_0**2.0*x_1 - 0.00022*x_0**2.0*x_1**2.0 + 0.01283*x_0**2.0 + 0.0003*x_0**3.0/x_1**3.0 - 2.0e-5*x_0**3.0/x_1**2.0 - 8.0e-5*x_0**3.0/x_1**1.0 - 2.0e-5*x_0**3.0 + 0.00013*x_0**4.0/x_1**4.0 - 7.0e-5*x_0**4.0/x_1**2.0 - 3.0e-5*x_0**4.0 + 0.01435*x_1 + 0.08608*x_1**2.0 - 9.0e-5*x_1**3.0 - 0.00025*x_1**4.0 + 0.85886,-0.00187*x_1**4.0/x_0**4.0 - 0.01097*x_1**3.0/x_0**3.0 + 0.05332*x_1**2.0/x_0**2.0 - 0.00062*x_1**3.0/x_0**2.0 - 0.00361*x_1**4.0/x_0**2.0 + 0.20367*x_1/x_0**1.0 - 0.00199*x_1**2.0/x_0**1.0 - 0.01059*x_1**3.0/x_0**1.0 - 0.02687*x_0/x_1**1.0 - 0.00305*x_0*x_1 - 8.0e-5*x_0*x_1**2.0 + 0.0053*x_0 - 0.02392*x_0**2.0/x_1**2.0 - 0.00019*x_0**2.0/x_1**1.0 - 5.0e-5*x_0**2.0*x_1 - 0.00028*x_0**2.0*x_1**2.0 + 0.01865*x_0**2.0 + 0.00044*x_0**3.0/x_1**3.0 - 3.0e-5*x_0**3.0/x_1**2.0 - 0.00012*x_0**3.0/x_1**1.0 - 2.0e-5*x_0**3.0 + 0.0002*x_0**4.0/x_1**4.0 - 0.00011*x_0**4.0/x_1**2.0 - 4.0e-5*x_0**4.0 + 0.02096*x_1 + 0.12563*x_1**2.0 - 8.0e-5*x_1**3.0 - 0.00024*x_1**4.0 + 0.68509,-0.00319*x_1**4.0/x_0**4.0 - 0.01873*x_1**3.0/x_0**3.0 + 0.09011*x_1**2.0/x_0**2.0 - 0.00106*x_1**3.0/x_0**2.0 - 0.00621*x_1**4.0/x_0**2.0 + 0.34499*x_1/x_0**1.0 - 0.00342*x_1**2.0/x_0**1.0 - 0.01821*x_1**3.0/x_0**1.0 - 0.04538*x_0/x_1**1.0 - 0.00517*x_0*x_1 - 0.00014*x_0*x_1**2.0 + 0.00898*x_0 - 0.04045*x_0**2.0/x_1**2.0 - 0.00033*x_0**2.0/x_1**1.0 - 9.0e-5*x_0**2.0*x_1 - 0.0005*x_0**2.0*x_1**2.0 + 0.03162*x_0**2.0 + 0.00074*x_0**3.0/x_1**3.0 - 5.0e-5*x_0**3.0/x_1**2.0 - 0.0002*x_0**3.0/x_1**1.0 - 4.0e-5*x_0**3.0 + 0.00033*x_0**4.0/x_1**4.0 - 0.00018*x_0**4.0/x_1**2.0 - 7.0e-5*x_0**4.0 + 0.03546*x_1 + 0.2126*x_1**2.0 - 0.00017*x_1**3.0 - 0.0005*x_1**4.0 + 1.52352
1,[4],0.002924941014498472,348,0.01562*x_1**4.0/x_0**4.0 + 0.11013*x_1**3.0/x_0**3.0 + 0.34549*x_1**2.0/x_0**2.0 - 0.00166*x_1**3.0/x_0**2.0 - 0.0057*x_1**4.0/x_0**2.0 + 0.52173*x_1/x_0**1.0 - 0.0061*x_1**2.0/x_0**1.0 - 0.02008*x_1**3.0/x_0**1.0 - 0.08168*x_0/x_1**1.0 + 0.03096*x_0*x_1 - 8.0e-5*x_0*x_1**2.0 + 0.00978*x_0 - 0.01284*x_0**2.0/x_1**2.0 + 0.00204*x_0**2.0/x_1**1.0 - 3.0e-5*x_0**2.0*x_1 - 0.00011*x_0**2.0*x_1**2.0 + 0.00681*x_0**2.0 + 0.00057*x_0**3.0/x_1**3.0 + 4.0e-5*x_0**3.0/x_1**2.0 + 0.0003*x_0**3.0/x_1**1.0 - 7.0e-5*x_0**3.0 + 6.0e-5*x_0**4.0/x_1**4.0 + 6.0e-5*x_0**4.0/x_1**2.0 - 5.0e-5*x_0**4.0 + 0.00979*x_1 + 0.0363*x_1**2.0 + 4.0e-5*x_1**3.0 + 6.0e-5*x_1**4.0 + 0.88532,0.01638*x_1**4.0/x_0**4.0 + 0.11544*x_1**3.0/x_0**3.0 + 0.37017*x_1**2.0/x_0**2.0 - 0.00122*x_1**3.0/x_0**2.0 - 0.0042*x_1**4.0/x_0**2.0 + 0.57861*x_1/x_0**1.0 - 0.00464*x_1**2.0/x_0**1.0 - 0.0148*x_1**3.0/x_0**1.0 - 0.0578*x_0/x_1**1.0 + 0.04087*x_0*x_1 - 0.00027*x_0*x_1**2.0 + 0.01127*x_0 - 0.0083*x_0**2.0/x_1**2.0 + 0.00227*x_0**2.0/x_1**1.0 - 0.00011*x_0**2.0*x_1 - 0.00039*x_0**2.0*x_1**2.0 + 0.00661*x_0**2.0 + 0.00068*x_0**3.0/x_1**3.0 - 3.0e-5*x_0**3.0/x_1**2.0 - 0.0002*x_0**3.0/x_1**1.0 - 5.0e-5*x_0**3.0 + 7.0e-5*x_0**4.0/x_1**4.0 - 4.0e-5*x_0**4.0/x_1**2.0 - 3.0e-5*x_0**4.0 + 0.01938*x_1 + 0.07004*x_1**2.0 + 2.0e-5*x_1**3.0 + 3.0e-5*x_1**4.0 + 0.775,0.03199*x_1**4.0/x_0**4.0 + 0.22549*x_1**3.0/x_0**3.0 + 0.71544*x_1**2.0/x_0**2.0 - 0.00288*x_1**3.0/x_0**2.0 - 0.00989*x_1**4.0/x_0**2.0 + 1.10003*x_1/x_0**1.0 - 0.01073*x_1**2.0/x_0**1.0 - 0.03486*x_1**3.0/x_0**1.0 - 0.13943*x_0/x_1**1.0 + 0.07181*x_0*x_1 - 0.00035*x_0*x_1**2.0 + 0.02104*x_0 - 0.02113*x_0**2.0/x_1**2.0 + 0.00431*x_0**2.0/x_1**1.0 - 0.00015*x_0**2.0*x_1 - 0.00051*x_0**2.0*x_1**2.0 + 0.01343*x_0**2.0 + 0.00124*x_0**3.0/x_1**3.0 + 1.0e-5*x_0**3.0/x_1**2.0 + 0.0001*x_0**3.0/x_1**1.0 - 0.00012*x_0**3.0 + 0.00012*x_0**4.0/x_1**4.0 + 2.0e-5*x_0**4.0/x_1**2.0 - 9.0e-5*x_0**4.0 + 0.02917*x_1 + 0.10633*x_1**2.0 + 6.0e-5*x_1**3.0 + 0.0001*x_1**4.0 + 1.66105
1,[8],0.004533379338681698,342,-0.00109*x_1**4.0/x_0**4.0 - 0.00861*x_1**3.0/x_0**3.0 + 0.05222*x_1**2.0/x_0**2.0 - 0.00104*x_1**3.0/x_0**2.0 - 0.00273*x_1**4.0/x_0**2.0 + 0.27619*x_1/x_0**1.0 - 0.00362*x_1**2.0/x_0**1.0 - 0.01072*x_1**3.0/x_0**1.0 - 0.04171*x_0/x_1**1.0 + 0.01898*x_0*x_1 - 7.0e-5*x_0*x_1**2.0 + 0.00753*x_0 - 0.01724*x_0**2.0/x_1**2.0 + 0.00219*x_0**2.0/x_1**1.0 - 5.0e-5*x_0**2.0*x_1 - 0.00014*x_0**2.0*x_1**2.0 + 0.00897*x_0**2.0 + 0.00057*x_0**3.0/x_1**3.0 - 1.0e-5*x_0**3.0/x_1**2.0 - 5.0e-5*x_0**3.0/x_1**1.0 - 4.0e-5*x_0**3.0 + 0.00011*x_0**4.0/x_1**4.0 - 2.0e-5*x_0**4.0/x_1**2.0 - 3.0e-5*x_0**4.0 + 0.02289*x_1 + 0.05638*x_1**2.0 - 9.0e-5*x_1**3.0 - 0.00011*x_1**4.0 + 0.98081,-0.00132*x_1**4.0/x_0**4.0 - 0.01037*x_1**3.0/x_0**3.0 + 0.12646*x_1**2.0/x_0**2.0 - 0.00019*x_1**3.0/x_0**2.0 - 0.0005*x_1**4.0/x_0**2.0 + 0.58132*x_1/x_0**1.0 + 0.00046*x_1**2.0/x_0**1.0 - 0.00198*x_1**3.0/x_0**1.0 - 0.04905*x_0/x_1**1.0 + 0.03219*x_0*x_1 - 0.00012*x_0*x_1**2.0 + 0.00338*x_0 - 0.01978*x_0**2.0/x_1**2.0 + 0.00338*x_0**2.0/x_1**1.0 - 9.0e-5*x_0**2.0*x_1 - 0.00023*x_0**2.0*x_1**2.0 - 0.00179*x_0**2.0 + 0.00055*x_0**3.0/x_1**3.0 + 4.0e-5*x_0**3.0/x_1**2.0 + 0.0002*x_0**3.0/x_1**1.0 + 0.0001*x_0**4.0/x_1**4.0 + 7.0e-5*x_0**4.0/x_1**2.0 + 0.03122*x_1 + 0.07189*x_1**2.0 - 0.00013*x_1**3.0 - 0.00017*x_1**4.0 + 1.20092,-0.00199*x_1**4.0/x_0**4.0 - 0.01567*x_1**3.0/x_0**3.0 + 0.17061*x_1**2.0/x_0**2.0 - 0.00091*x_1**3.0/x_0**2.0 - 0.00238*x_1**4.0/x_0**2.0 + 0.80027*x_1/x_0**1.0 - 0.00213*x_1**2.0/x_0**1.0 - 0.00937*x_1**3.0/x_0**1.0 - 0.10723*x_0/x_1**1.0 + 0.04572*x_0*x_1 - 0.00015*x_0*x_1**2.0 + 0.01578*x_0 - 0.04293*x_0**2.0/x_1**2.0 + 0.00505*x_0**2.0/x_1**1.0 - 0.00011*x_0**2.0*x_1 - 0.00029*x_0**2.0*x_1**2.0 + 0.01797*x_0**2.0 + 0.00134*x_0**3.0/x_1**3.0 + 3.0e-5*x_0**3.0/x_1**2.0 + 0.00016*x_0**3.0/x_1**1.0 - 0.00012*x_0**3.0 + 0.00025*x_0**4.0/x_1**4.0 + 6.0e-5*x_0**4.0/x_1**2.0 - 0.00011*x_0**4.0 + 0.05247*x_1 + 0.12596*x_1**2.0 - 0.00026*x_1**3.0 - 0.00034*x_1**4.0 + 2.06528
2,"[1, 1]",20.90098762512207,884,-0.00365*x_1**8.0/x_0**8.0 - 0.0038*x_1**7.0/x_0**7.0 - 0.00943*x_1**6.0/x_0**6.0 + 0.01101*x_1**7.0/x_0**6.0 + 0.00262*x_1**8.0/x_0**6.0 - 0.00609*x_1**5.0/x_0**5.0 + 0.00838*x_1**6.0/x_0**5.0 + 0.00205*x_1**7.0/x_0**5.0 + 0.09726*x_1**4.0/x_0**4.0 + 0.02003*x_1**5.0/x_0**4.0 - 0.00835*x_1**6.0/x_0**4.0 - 0.00592*x_1**7.0/x_0**4.0 - 0.0007*x_1**8.0/x_0**4.0 + 0.05219*x_1**3.0/x_0**3.0 + 0.00827*x_1**4.0/x_0**3.0 - 0.00447*x_1**5.0/x_0**3.0 - 0.00297*x_1**6.0/x_0**3.0 - 0.00037*x_1**7.0/x_0**3.0 + 0.11963*x_1**2.0/x_0**2.0 - 0.14879*x_1**3.0/x_0**2.0 - 0.05076*x_1**4.0/x_0**2.0 + 0.00106*x_1**5.0/x_0**2.0 + 0.00403*x_1**6.0/x_0**2.0 + 0.00106*x_1**7.0/x_0**2.0 + 8.0e-5*x_1**8.0/x_0**2.0 + 0.02455*x_1/x_0**1.0 - 0.0374*x_1**2.0/x_0**1.0 - 0.01246*x_1**3.0/x_0**1.0 + 0.00081*x_1**4.0/x_0**1.0 + 0.00102*x_1**5.0/x_0**1.0 + 0.00026*x_1**6.0/x_0**1.0 + 2.0e-5*x_1**7.0/x_0**1.0 - 0.00613*x_0/x_1**1.0 + 0.0018*x_0*x_1 - 0.00025*x_0*x_1**2.0 - 0.00028*x_0*x_1**3.0 - 0.00011*x_0*x_1**4.0 + 0.0052*x_0 - 0.00678*x_0**2.0/x_1**2.0 + 0.00903*x_0**2.0/x_1**1.0 - 0.00729*x_0**2.0*x_1 - 0.00266*x_0**2.0*x_1**2.0 + 1.0e-5*x_0**2.0*x_1**3.0 + 0.0002*x_0**2.0*x_1**4.0 + 5.0e-5*x_0**2.0*x_1**5.0 + 0.00847*x_0**2.0 + 0.00029*x_0**3.0/x_1**3.0 - 9.0e-5*x_0**3.0/x_1**2.0 - 0.00027*x_0**3.0/x_1**1.0 + 4.0e-5*x_0**3.0*x_1 + 2.0e-5*x_0**3.0*x_1**2.0 + 5.0e-5*x_0**3.0 + 0.00036*x_0**4.0/x_1**4.0 + 6.0e-5*x_0**4.0/x_1**3.0 - 0.0006*x_0**4.0/x_1**2.0 - 0.00012*x_0**4.0/x_1**1.0 + 7.0e-5*x_0**4.0*x_1 - 2.0e-5*x_0**4.0*x_1**2.0 - 1.0e-5*x_0**4.0*x_1**3.0 + 0.00028*x_0**4.0 - 0.08546*x_1 + 0.04632*x_1**2.0 + 0.03238*x_1**3.0 + 0.00362*x_1**4.0 - 0.00111*x_1**5.0 - 0.00042*x_1**6.0 - 6.0e-5*x_1**7.0 + 0.53759,-0.00094*x_1**8.0/x_0**8.0 - 0.00098*x_1**7.0/x_0**7.0 - 0.00244*x_1**6.0/x_0**6.0 + 0.00284*x_1**7.0/x_0**6.0 + 0.00068*x_1**8.0/x_0**6.0 - 0.00157*x_1**5.0/x_0**5.0 + 0.00216*x_1**6.0/x_0**5.0 + 0.00053*x_1**7.0/x_0**5.0 + 0.02513*x_1**4.0/x_0**4.0 + 0.00517*x_1**5.0/x_0**4.0 - 0.00216*x_1**6.0/x_0**4.0 - 0.00153*x_1**7.0/x_0**4.0 - 0.00018*x_1**8.0/x_0**4.0 + 0.01348*x_1**3.0/x_0**3.0 + 0.00214*x_1**4.0/x_0**3.0 - 0.00115*x_1**5.0/x_0**3.0 - 0.00077*x_1**6.0/x_0**3.0 - 9.0e-5*x_1**7.0/x_0**3.0 + 0.03092*x_1**2.0/x_0**2.0 - 0.03845*x_1**3.0/x_0**2.0 - 0.01311*x_1**4.0/x_0**2.0 + 0.00028*x_1**5.0/x_0**2.0 + 0.00104*x_1**6.0/x_0**2.0 + 0.00027*x_1**7.0/x_0**2.0 + 2.0e-5*x_1**8.0/x_0**2.0 + 0.00635*x_1/x_0**1.0 - 0.00967*x_1**2.0/x_0**1.0 - 0.00322*x_1**3.0/x_0**1.0 + 0.00022*x_1**4.0/x_0**1.0 + 0.00025*x_1**5.0/x_0**1.0 + 7.0e-5*x_1**6.0/x_0**1.0 - 0.00158*x_0/x_1**1.0 + 0.00046*x_0*x_1 - 5.0e-5*x_0*x_1**2.0 - 7.0e-5*x_0*x_1**3.0 - 3.0e-5*x_0*x_1**4.0 + 0.00134*x_0 - 0.00174*x_0**2.0/x_1**2.0 + 0.00232*x_0**2.0/x_1**1.0 - 0.00188*x_0**2.0*x_1 - 0.00069*x_0**2.0*x_1**2.0 + 5.0e-5*x_0**2.0*x_1**4.0 + 1.0e-5*x_0**2.0*x_1**5.0 + 0.00218*x_0**2.0 + 8.0e-5*x_0**3.0/x_1**3.0 - 4.0e-5*x_0**3.0/x_1**2.0 - 6.0e-5*x_0**3.0/x_1**1.0 + 2.0e-5*x_0**3.0 + 9.0e-5*x_0**4.0/x_1**4.0 + 2.0e-5*x_0**4.0/x_1**3.0 - 0.00015*x_0**4.0/x_1**2.0 - 3.0e-5*x_0**4.0/x_1**1.0 + 1.0e-5*x_0**4.0*x_1 + 7.0e-5*x_0**4.0 - 0.02209*x_1 + 0.01196*x_1**2.0 + 0.00838*x_1**3.0 + 0.00093*x_1**4.0 - 0.00029*x_1**5.0 - 0.00011*x_1**6.0 - 2.0e-5*x_1**7.0 + 0.63111,-0.00784*x_1**8.0/x_0**8.0 - 0.00817*x_1**7.0/x_0**7.0 - 0.02025*x_1**6.0/x_0**6.0 + 0.02364*x_1**7.0/x_0**6.0 + 0.00562*x_1**8.0/x_0**6.0 - 0.01307*x_1**5.0/x_0**5.0 + 0.018*x_1**6.0/x_0**5.0 + 0.00439*x_1**7.0/x_0**5.0 + 0.20887*x_1**4.0/x_0**4.0 + 0.04303*x_1**5.0/x_0**4.0 - 0.01793*x_1**6.0/x_0**4.0 - 0.01272*x_1**7.0/x_0**4.0 - 0.00151*x_1**8.0/x_0**4.0 + 0.1121*x_1**3.0/x_0**3.0 + 0.01778*x_1**4.0/x_0**3.0 - 0.00958*x_1**5.0/x_0**3.0 - 0.00637*x_1**6.0/x_0**3.0 - 0.00079*x_1**7.0/x_0**3.0 + 0.25694*x_1**2.0/x_0**2.0 - 0.31955*x_1**3.0/x_0**2.0 - 0.109*x_1**4.0/x_0**2.0 + 0.00229*x_1**5.0/x_0**2.0 + 0.00865*x_1**6.0/x_0**2.0 + 0.00228*x_1**7.0/x_0**2.0 + 0.00018*x_1**8.0/x_0**2.0 + 0.05272*x_1/x_0**1.0 - 0.08031*x_1**2.0/x_0**1.0 - 0.02675*x_1**3.0/x_0**1.0 + 0.00175*x_1**4.0/x_0**1.0 + 0.00217*x_1**5.0/x_0**1.0 + 0.00054*x_1**6.0/x_0**1.0 + 5.0e-5*x_1**7.0/x_0**1.0 - 0.01316*x_0/x_1**1.0 + 0.0038*x_0*x_1 - 0.00053*x_0*x_1**2.0 - 0.00059*x_0*x_1**3.0 - 0.00023*x_0*x_1**4.0 + 0.01115*x_0 - 0.01456*x_0**2.0/x_1**2.0 + 0.01939*x_0**2.0/x_1**1.0 - 0.01565*x_0**2.0*x_1 - 0.0057*x_0**2.0*x_1**2.0 + 0.00041*x_0**2.0*x_1**4.0 + 0.00011*x_0**2.0*x_1**5.0 + 0.01819*x_0**2.0 + 0.00062*x_0**3.0/x_1**3.0 - 0.00021*x_0**3.0/x_1**2.0 - 0.00057*x_0**3.0/x_1**1.0 + 6.0e-5*x_0**3.0*x_1 + 4.0e-5*x_0**3.0*x_1**2.0 - 1.0e-5*x_0**3.0*x_1**3.0 + 9.0e-5*x_0**3.0 + 0.00077*x_0**4.0/x_1**4.0 + 0.00014*x_0**4.0/x_1**3.0 - 0.00131*x_0**4.0/x_1**2.0 - 0.00027*x_0**4.0/x_1**1.0 + 0.00016*x_0**4.0*x_1 - 4.0e-5*x_0**4.0*x_1**2.0 - 3.0e-5*x_0**4.0*x_1**3.0 + 0.00059*x_0**4.0 + 1.0e-5*x_0**5.0/x_1**2.0 + 1.0e-5*x_0**6.0/x_1**3.0 - 0.18353*x_1 + 0.09947*x_1**2.0 + 0.06955*x_1**3.0 + 0.00779*x_1**4.0 - 0.0024*x_1**5.0 - 0.00091*x_1**6.0 - 0.00014*x_1**7.0 + 1.34629
2,"[1, 2]",1.7358916997909546,320,0.00018*x_1**4.0/x_0**4.0 + 0.00037*x_1**3.0/x_0**3.0 + 0.00049*x_1**2.0/x_0**2.0 + 5.0e-5*x_1**3.0/x_0**2.0 + 0.00021*x_1**4.0/x_0**2.0 + 0.00026*x_1/x_0**1.0 + 7.0e-5*x_1**2.0/x_0**1.0 + 0.00021*x_1**3.0/x_0**1.0 - 7.0e-5*x_0/x_1**1.0 + 8.0e-5*x_0*x_1 + 1.0e-5*x_0*x_1**2.0 + 2.0e-5*x_0 - 2.0e-5*x_0**2.0/x_1**2.0 + 1.0e-5*x_0**2.0*x_1 + 6.0e-5*x_0**2.0*x_1**2.0 + 8.0e-5*x_0**2.0 - 1.0e-5*x_0**3.0/x_1**1.0 + 1.0e-5*x_0**4.0 + 6.0e-5*x_1 + 0.00027*x_1**2.0 + 3.0e-5*x_1**3.0 + 6.0e-5*x_1**4.0 + 0.78646,0.00332*x_1**4.0/x_0**4.0 + 0.0068*x_1**3.0/x_0**3.0 + 0.00903*x_1**2.0/x_0**2.0 + 0.00089*x_1**3.0/x_0**2.0 + 0.00379*x_1**4.0/x_0**2.0 + 0.00474*x_1/x_0**1.0 + 0.00136*x_1**2.0/x_0**1.0 + 0.00388*x_1**3.0/x_0**1.0 - 0.00126*x_0/x_1**1.0 + 0.00147*x_0*x_1 + 0.00025*x_0*x_1**2.0 + 0.00024*x_0 - 0.00032*x_0**2.0/x_1**2.0 - 0.00012*x_0**2.0/x_1**1.0 + 0.00026*x_0**2.0*x_1 + 0.00109*x_0**2.0*x_1**2.0 + 0.00134*x_0**2.0 + 7.0e-5*x_0**3.0/x_1**3.0 - 3.0e-5*x_0**3.0/x_1**2.0 - 0.00027*x_0**3.0/x_1**1.0 + 0.00013*x_0**3.0 + 2.0e-5*x_0**4.0/x_1**4.0 - 0.00013*x_0**4.0/x_1**2.0 + 0.00027*x_0**4.0 + 0.0012*x_1 + 0.00513*x_1**2.0 + 0.00051*x_1**3.0 + 0.00108*x_1**4.0 + 0.53241,0.00548*x_1**4.0/x_0**4.0 + 0.01124*x_1**3.0/x_0**3.0 + 0.01492*x_1**2.0/x_0**2.0 + 0.00148*x_1**3.0/x_0**2.0 + 0.00626*x_1**4.0/x_0**2.0 + 0.00783*x_1/x_0**1.0 + 0.00223*x_1**2.0/x_0**1.0 + 0.00641*x_1**3.0/x_0**1.0 - 0.00209*x_0/x_1**1.0 + 0.00244*x_0*x_1 + 0.00041*x_0*x_1**2.0 + 0.00039*x_0 - 0.00054*x_0**2.0/x_1**2.0 - 0.0002*x_0**2.0/x_1**1.0 + 0.00042*x_0**2.0*x_1 + 0.0018*x_0**2.0*x_1**2.0 + 0.00222*x_0**2.0 + 0.00011*x_0**3.0/x_1**3.0 - 5.0e-5*x_0**3.0/x_1**2.0 - 0.00045*x_0**3.0/x_1**1.0 + 0.00021*x_0**3.0 + 3.0e-5*x_0**4.0/x_1**4.0 - 0.00022*x_0**4.0/x_1**2.0 + 0.00045*x_0**4.0 + 0.00197*x_1 + 0.00848*x_1**2.0 + 0.00084*x_1**3.0 + 0.00179*x_1**4.0 + 0.45034
2,"[1, 4]",0.05464540421962738,481,-5.0e-5*x_1**6.0/x_0**6.0 - 0.00017*x_1**5.0/x_0**5.0 + 0.00147*x_1**4.0/x_0**4.0 - 1.0e-5*x_1**5.0/x_0**4.0 - 4.0e-5*x_1**6.0/x_0**4.0 + 0.00457*x_1**3.0/x_0**3.0 - 3.0e-5*x_1**4.0/x_0**3.0 - 0.00011*x_1**5.0/x_0**3.0 + 0.10488*x_1**2.0/x_0**2.0 + 0.00025*x_1**3.0/x_0**2.0 + 0.00102*x_1**4.0/x_0**2.0 - 1.0e-5*x_1**6.0/x_0**2.0 + 0.13563*x_1/x_0**1.0 + 0.00048*x_1**2.0/x_0**1.0 + 0.00151*x_1**3.0/x_0**1.0 - 2.0e-5*x_1**5.0/x_0**1.0 - 0.06396*x_0/x_1**1.0 - 0.00036*x_0*x_1 + 3.0e-5*x_0*x_1**2.0 + 0.00285*x_0 - 0.0315*x_0**2.0/x_1**2.0 - 0.00015*x_0**2.0/x_1**1.0 + 2.0e-5*x_0**2.0*x_1 + 7.0e-5*x_0**2.0*x_1**2.0 + 0.00576*x_0**2.0 + 0.00065*x_0**3.0/x_1**3.0 - 3.0e-5*x_0**3.0/x_1**2.0 - 0.00015*x_0**3.0/x_1**1.0 + 0.00018*x_0**4.0/x_1**4.0 - 7.0e-5*x_0**4.0/x_1**2.0 + 0.00857*x_1 + 0.03303*x_1**2.0 + 9.0e-5*x_1**3.0 + 0.00018*x_1**4.0 + 1.66028,-5.0e-5*x_1**6.0/x_0**6.0 - 0.00019*x_1**5.0/x_0**5.0 + 0.00256*x_1**4.0/x_0**4.0 - 1.0e-5*x_1**5.0/x_0**4.0 - 5.0e-5*x_1**6.0/x_0**4.0 + 0.00758*x_1**3.0/x_0**3.0 - 3.0e-5*x_1**4.0/x_0**3.0 - 0.00012*x_1**5.0/x_0**3.0 + 0.1544*x_1**2.0/x_0**2.0 + 0.00043*x_1**3.0/x_0**2.0 + 0.00173*x_1**4.0/x_0**2.0 - 1.0e-5*x_1**6.0/x_0**2.0 + 0.19855*x_1/x_0**1.0 + 0.0008*x_1**2.0/x_0**1.0 + 0.00249*x_1**3.0/x_0**1.0 - 2.0e-5*x_1**5.0/x_0**1.0 - 0.09408*x_0/x_1**1.0 - 0.00059*x_0*x_1 + 5.0e-5*x_0*x_1**2.0 + 0.00414*x_0 - 0.04608*x_0**2.0/x_1**2.0 - 0.00025*x_0**2.0/x_1**1.0 + 3.0e-5*x_0**2.0*x_1 + 0.00011*x_0**2.0*x_1**2.0 + 0.00838*x_0**2.0 + 0.00108*x_0**3.0/x_1**3.0 - 5.0e-5*x_0**3.0/x_1**2.0 - 0.00023*x_0**3.0/x_1**1.0 + 1.0e-5*x_0**3.0 + 0.0003*x_0**4.0/x_1**4.0 - 0.00011*x_0**4.0/x_1**2.0 + 1.0e-5*x_0**4.0 + 0.01259*x_1 + 0.04847*x_1**2.0 + 0.00015*x_1**3.0 + 0.00029*x_1**4.0 + 1.92261,-0.0001*x_1**6.0/x_0**6.0 - 0.00036*x_1**5.0/x_0**5.0 + 0.00403*x_1**4.0/x_0**4.0 - 2.0e-5*x_1**5.0/x_0**4.0 - 9.0e-5*x_1**6.0/x_0**4.0 + 0.01215*x_1**3.0/x_0**3.0 - 6.0e-5*x_1**4.0/x_0**3.0 - 0.00023*x_1**5.0/x_0**3.0 + 0.25928*x_1**2.0/x_0**2.0 + 0.00069*x_1**3.0/x_0**2.0 + 0.00273*x_1**4.0/x_0**2.0 - 1.0e-5*x_1**5.0/x_0**2.0 - 3.0e-5*x_1**6.0/x_0**2.0 + 0.33418*x_1/x_0**1.0 + 0.00129*x_1**2.0/x_0**1.0 + 0.004*x_1**3.0/x_0**1.0 - 2.0e-5*x_1**4.0/x_0**1.0 - 4.0e-5*x_1**5.0/x_0**1.0 - 0.15804*x_0/x_1**1.0 - 0.00094*x_0*x_1 + 9.0e-5*x_0*x_1**2.0 + 1.0e-5*x_0*x_1**3.0 + 0.00702*x_0 - 0.07759*x_0**2.0/x_1**2.0 - 0.0004*x_0**2.0/x_1**1.0 + 4.0e-5*x_0**2.0*x_1 + 0.00017*x_0**2.0*x_1**2.0 + 0.01415*x_0**2.0 + 0.00174*x_0**3.0/x_1**3.0 - 9.0e-5*x_0**3.0/x_1**2.0 - 0.00035*x_0**3.0/x_1**1.0 + 2.0e-5*x_0**3.0 + 0.00048*x_0**4.0/x_1**4.0 - 0.00018*x_0**4.0/x_1**2.0 + 2.0e-5*x_0**4.0 + 2.0e-5*x_0**5.0/x_1**5.0 + 0.02116*x_1 + 0.08148*x_1**2.0 + 0.00024*x_1**3.0 + 0.00046*x_1**4.0 + 3.58293
2,"[1, 8]",2.924548387527466,401,-2.0e-5*x_1**5.0/x_0**5.0 - 0.00335*x_1**4.0/x_0**4.0 - 0.01053*x_1**3.0/x_0**3.0 + 1.0e-5*x_1**5.0/x_0**3.0 + 0.00885*x_1**2.0/x_0**2.0 + 0.00095*x_1**3.0/x_0**2.0 + 0.00144*x_1**4.0/x_0**2.0 + 0.01348*x_1/x_0**1.0 + 0.00092*x_1**2.0/x_0**1.0 + 0.00226*x_1**3.0/x_0**1.0 + 0.03177*x_0/x_1**1.0 + 0.00049*x_0*x_1 + 0.00012*x_0*x_1**2.0 + 0.00338*x_0 - 0.00851*x_0**2.0/x_1**2.0 - 0.00085*x_0**2.0/x_1**1.0 + 0.00023*x_0**2.0*x_1 + 0.00034*x_0**2.0*x_1**2.0 + 0.00453*x_0**2.0 - 0.0043*x_0**3.0/x_1**3.0 - 0.00018*x_0**3.0/x_1**2.0 - 0.00325*x_0**3.0/x_1**1.0 - 0.00013*x_0**3.0 - 0.00034*x_0**4.0/x_1**4.0 - 0.00052*x_0**4.0/x_1**2.0 - 0.00019*x_0**4.0 - 0.00332*x_1 - 0.00534*x_1**2.0 - 0.0002*x_1**3.0 - 0.00015*x_1**4.0 + 3.74063,-3.0e-5*x_1**5.0/x_0**5.0 - 0.0059*x_1**4.0/x_0**4.0 - 0.01853*x_1**3.0/x_0**3.0 + 2.0e-5*x_1**4.0/x_0**3.0 + 2.0e-5*x_1**5.0/x_0**3.0 + 0.01557*x_1**2.0/x_0**2.0 + 0.00167*x_1**3.0/x_0**2.0 + 0.00253*x_1**4.0/x_0**2.0 + 0.02376*x_1/x_0**1.0 + 0.00164*x_1**2.0/x_0**1.0 + 0.00397*x_1**3.0/x_0**1.0 + 0.05595*x_0/x_1**1.0 + 0.00086*x_0*x_1 + 0.00021*x_0*x_1**2.0 + 0.00597*x_0 - 0.01499*x_0**2.0/x_1**2.0 - 0.00149*x_0**2.0/x_1**1.0 + 0.0004*x_0**2.0*x_1 + 0.0006*x_0**2.0*x_1**2.0 + 0.00797*x_0**2.0 - 0.00756*x_0**3.0/x_1**3.0 - 0.00033*x_0**3.0/x_1**2.0 - 0.00569*x_0**3.0/x_1**1.0 - 0.00024*x_0**3.0 - 0.0006*x_0**4.0/x_1**4.0 - 0.00091*x_0**4.0/x_1**2.0 - 0.00033*x_0**4.0 - 0.00584*x_1 - 0.0094*x_1**2.0 - 0.00036*x_1**3.0 - 0.00027*x_1**4.0 + 5.45707,1.0e-5*x_1**7.0/x_0**7.0 - 5.0e-5*x_1**5.0/x_0**5.0 - 0.00938*x_1**4.0/x_0**4.0 - 0.02943*x_1**3.0/x_0**3.0 + 2.0e-5*x_1**4.0/x_0**3.0 + 3.0e-5*x_1**5.0/x_0**3.0 + 0.02473*x_1**2.0/x_0**2.0 + 0.00264*x_1**3.0/x_0**2.0 + 0.00402*x_1**4.0/x_0**2.0 + 0.03773*x_1/x_0**1.0 + 0.00261*x_1**2.0/x_0**1.0 + 0.00632*x_1**3.0/x_0**1.0 + 0.08888*x_0/x_1**1.0 + 0.00136*x_0*x_1 + 0.00034*x_0*x_1**2.0 + 1.0e-5*x_0*x_1**3.0 + 0.00945*x_0 - 0.02382*x_0**2.0/x_1**2.0 - 0.00237*x_0**2.0/x_1**1.0 + 0.00063*x_0**2.0*x_1 + 0.00096*x_0**2.0*x_1**2.0 + 0.01265*x_0**2.0 - 0.01201*x_0**3.0/x_1**3.0 - 0.00052*x_0**3.0/x_1**2.0 - 0.00906*x_0**3.0/x_1**1.0 + 1.0e-5*x_0**3.0*x_1 - 0.00038*x_0**3.0 - 0.00095*x_0**4.0/x_1**4.0 - 0.00144*x_0**4.0/x_1**2.0 - 0.00053*x_0**4.0 - 0.0093*x_1 - 0.01494*x_1**2.0 - 0.00057*x_1**3.0 - 0.00043*x_1**4.0 + 9.19586
2,"[2, 1]",2.357023239135742,600,1.0e-5*x_1**8.0/x_0**8.0 + 0.00026*x_1**7.0/x_0**7.0 + 0.00255*x_1**6.0/x_0**6.0 + 0.01466*x_1**5.0/x_0**5.0 - 7.0e-5*x_1**6.0/x_0**5.0 - 6.0e-5*x_1**7.0/x_0**5.0 + 0.05637*x_1**4.0/x_0**4.0 - 0.0004*x_1**5.0/x_0**4.0 - 0.0004*x_1**6.0/x_0**4.0 + 0.1535*x_1**3.0/x_0**3.0 - 0.00124*x_1**4.0/x_0**3.0 - 0.00133*x_1**5.0/x_0**3.0 + 0.29641*x_1**2.0/x_0**2.0 - 0.00202*x_1**3.0/x_0**2.0 - 0.00216*x_1**4.0/x_0**2.0 + 3.0e-5*x_1**5.0/x_0**2.0 + 1.0e-5*x_1**6.0/x_0**2.0 + 0.36273*x_1/x_0**1.0 - 0.00084*x_1**2.0/x_0**1.0 + 0.00026*x_1**3.0/x_0**1.0 - 0.07615*x_0/x_1**1.0 + 0.02141*x_0*x_1 - 8.0e-5*x_0*x_1**2.0 - 0.0001*x_0*x_1**3.0 + 0.00664*x_0 - 0.00854*x_0**2.0/x_1**2.0 - 0.00058*x_0**2.0/x_1**1.0 + 0.0001*x_0**2.0*x_1 + 7.0e-5*x_0**2.0*x_1**2.0 + 0.01392*x_0**2.0 + 0.00161*x_0**3.0/x_1**3.0 - 0.00011*x_0**3.0/x_1**2.0 - 0.00159*x_0**3.0/x_1**1.0 + 0.0002*x_0**3.0*x_1 + 5.0e-5*x_0**3.0 + 0.00013*x_0**4.0/x_1**4.0 - 0.00026*x_0**4.0/x_1**2.0 + 1.0e-5*x_0**4.0/x_1**1.0 + 5.0e-5*x_0**4.0 + 2.0e-5*x_0**5.0/x_1**1.0 + 0.00437*x_1 + 0.01007*x_1**2.0 - 0.0001*x_1**3.0 - 7.0e-5*x_1**4.0 + 0.92191,0.00015*x_1**7.0/x_0**7.0 + 0.00146*x_1**6.0/x_0**6.0 + 0.00841*x_1**5.0/x_0**5.0 - 4.0e-5*x_1**6.0/x_0**5.0 - 3.0e-5*x_1**7.0/x_0**5.0 + 0.03235*x_1**4.0/x_0**4.0 - 0.00023*x_1**5.0/x_0**4.0 - 0.00023*x_1**6.0/x_0**4.0 + 0.08807*x_1**3.0/x_0**3.0 - 0.00072*x_1**4.0/x_0**3.0 - 0.00076*x_1**5.0/x_0**3.0 + 0.17006*x_1**2.0/x_0**2.0 - 0.00115*x_1**3.0/x_0**2.0 - 0.00123*x_1**4.0/x_0**2.0 + 2.0e-5*x_1**5.0/x_0**2.0 + 0.2081*x_1/x_0**1.0 - 0.00048*x_1**2.0/x_0**1.0 + 0.00015*x_1**3.0/x_0**1.0 - 0.04369*x_0/x_1**1.0 + 0.01227*x_0*x_1 - 5.0e-5*x_0*x_1**2.0 - 6.0e-5*x_0*x_1**3.0 + 0.00382*x_0 - 0.00491*x_0**2.0/x_1**2.0 - 0.00034*x_0**2.0/x_1**1.0 + 6.0e-5*x_0**2.0*x_1 + 3.0e-5*x_0**2.0*x_1**2.0 + 0.00797*x_0**2.0 + 0.00093*x_0**3.0/x_1**3.0 - 7.0e-5*x_0**3.0/x_1**2.0 - 0.00091*x_0**3.0/x_1**1.0 + 0.00012*x_0**3.0*x_1 + 2.0e-5*x_0**3.0 + 7.0e-5*x_0**4.0/x_1**4.0 - 0.00015*x_0**4.0/x_1**2.0 + 2.0e-5*x_0**4.0 + 0.0025*x_1 + 0.00578*x_1**2.0 - 5.0e-5*x_1**3.0 - 5.0e-5*x_1**4.0 + 0.92482,4.0e-5*x_1**8.0/x_0**8.0 + 0.00078*x_1**7.0/x_0**7.0 + 0.00757*x_1**6.0/x_0**6.0 - 1.0e-5*x_1**7.0/x_0**6.0 - 1.0e-5*x_1**8.0/x_0**6.0 + 0.0435*x_1**5.0/x_0**5.0 - 0.0002*x_1**6.0/x_0**5.0 - 0.00018*x_1**7.0/x_0**5.0 + 0.16732*x_1**4.0/x_0**4.0 - 0.00119*x_1**5.0/x_0**4.0 - 0.00117*x_1**6.0/x_0**4.0 + 0.45559*x_1**3.0/x_0**3.0 - 0.00366*x_1**4.0/x_0**3.0 - 0.00393*x_1**5.0/x_0**3.0 + 2.0e-5*x_1**6.0/x_0**3.0 + 0.87976*x_1**2.0/x_0**2.0 - 0.006*x_1**3.0/x_0**2.0 - 0.00642*x_1**4.0/x_0**2.0 + 5.0e-5*x_1**5.0/x_0**2.0 + 3.0e-5*x_1**6.0/x_0**2.0 + 1.07658*x_1/x_0**1.0 - 0.00247*x_1**2.0/x_0**1.0 + 0.00076*x_1**3.0/x_0**1.0 - 2.0e-5*x_1**4.0/x_0**1.0 - 0.226*x_0/x_1**1.0 + 0.06352*x_0*x_1 - 0.00023*x_0*x_1**2.0 - 0.00029*x_0*x_1**3.0 + 0.01975*x_0 - 0.02533*x_0**2.0/x_1**2.0 - 0.00175*x_0**2.0/x_1**1.0 + 0.00029*x_0**2.0*x_1 + 0.00019*x_0**2.0*x_1**2.0 + 0.04128*x_0**2.0 + 0.00477*x_0**3.0/x_1**3.0 - 0.00035*x_0**3.0/x_1**2.0 - 0.00475*x_0**3.0/x_1**1.0 + 0.0006*x_0**3.0*x_1 + 0.00013*x_0**3.0 + 0.00036*x_0**4.0/x_1**4.0 - 0.00078*x_0**4.0/x_1**2.0 + 4.0e-5*x_0**4.0/x_1**1.0 + 0.00017*x_0**4.0 - 2.0e-5*x_0**5.0/x_1**5.0 - 1.0e-5*x_0**5.0/x_1**3.0 + 5.0e-5*x_0**5.0/x_1**1.0 - 1.0e-5*x_0**5.0 + 1.0e-5*x_0**6.0/x_1**2.0 + 0.01296*x_1 + 0.02987*x_1**2.0 - 0.00028*x_1**3.0 - 0.00019*x_1**4.0 + 1.40133
2,"[2, 2]",0.040310315787792206,443,0.00011*x_1**4.0/x_0**4.0 + 0.00036*x_1**3.0/x_0**3.0 + 2.0e-5*x_1**5.0/x_0**3.0 - 0.00661*x_1**2.0/x_0**2.0 - 0.00027*x_1**3.0/x_0**2.0 - 0.00105*x_1**4.0/x_0**2.0 - 1.0e-5*x_1**5.0/x_0**2.0 - 2.0e-5*x_1**6.0/x_0**2.0 - 0.01261*x_1/x_0**1.0 - 0.00047*x_1**2.0/x_0**1.0 - 0.00184*x_1**3.0/x_0**1.0 - 2.0e-5*x_1**4.0/x_0**1.0 - 4.0e-5*x_1**5.0/x_0**1.0 - 0.00484*x_0/x_1**1.0 + 0.01144*x_0*x_1 + 9.0e-5*x_0*x_1**2.0 + 0.0003*x_0*x_1**3.0 + 0.00261*x_0 - 0.00194*x_0**2.0/x_1**2.0 + 0.00045*x_0**2.0/x_1**1.0 - 7.0e-5*x_0**2.0*x_1**2.0 + 0.00122*x_0**2.0 - 0.0004*x_0**3.0/x_1**3.0 - 0.00013*x_0**3.0/x_1**1.0 - 3.0e-5*x_0**4.0/x_1**4.0 - 2.0e-5*x_0**4.0/x_1**2.0 + 0.01647*x_1 + 0.06345*x_1**2.0 + 0.00016*x_1**3.0 + 0.00031*x_1**4.0 - 1.0e-5*x_1**5.0 - 1.0e-5*x_1**6.0 + 1.0828,0.00014*x_1**4.0/x_0**4.0 + 0.00047*x_1**3.0/x_0**3.0 + 2.0e-5*x_1**5.0/x_0**3.0 - 0.00844*x_1**2.0/x_0**2.0 - 0.00036*x_1**3.0/x_0**2.0 - 0.00137*x_1**4.0/x_0**2.0 - 1.0e-5*x_1**5.0/x_0**2.0 - 3.0e-5*x_1**6.0/x_0**2.0 - 0.01612*x_1/x_0**1.0 - 0.0006*x_1**2.0/x_0**1.0 - 0.00238*x_1**3.0/x_0**1.0 - 2.0e-5*x_1**4.0/x_0**1.0 - 5.0e-5*x_1**5.0/x_0**1.0 - 0.00611*x_0/x_1**1.0 + 0.0146*x_0*x_1 + 0.0001*x_0*x_1**2.0 + 0.00037*x_0*x_1**3.0 + 0.00332*x_0 - 0.00246*x_0**2.0/x_1**2.0 + 0.00058*x_0**2.0/x_1**1.0 - 9.0e-5*x_0**2.0*x_1**2.0 + 0.00155*x_0**2.0 - 0.00051*x_0**3.0/x_1**3.0 - 1.0e-5*x_0**3.0/x_1**2.0 - 0.00018*x_0**3.0/x_1**1.0 + 1.0e-5*x_0**3.0*x_1 - 4.0e-5*x_0**4.0/x_1**4.0 - 2.0e-5*x_0**4.0/x_1**2.0 + 0.02106*x_1 + 0.08108*x_1**2.0 + 0.00027*x_1**3.0 + 0.00052*x_1**4.0 - 1.0e-5*x_1**5.0 - 1.0e-5*x_1**6.0 + 1.27934,0.00025*x_1**4.0/x_0**4.0 + 1.0e-5*x_1**6.0/x_0**4.0 + 0.00086*x_1**3.0/x_0**3.0 + 1.0e-5*x_1**4.0/x_0**3.0 + 4.0e-5*x_1**5.0/x_0**3.0 - 0.01543*x_1**2.0/x_0**2.0 - 0.00064*x_1**3.0/x_0**2.0 - 0.00249*x_1**4.0/x_0**2.0 - 3.0e-5*x_1**5.0/x_0**2.0 - 5.0e-5*x_1**6.0/x_0**2.0 - 0.02948*x_1/x_0**1.0 - 0.00109*x_1**2.0/x_0**1.0 - 0.00432*x_1**3.0/x_0**1.0 - 4.0e-5*x_1**4.0/x_0**1.0 - 8.0e-5*x_1**5.0/x_0**1.0 - 0.01124*x_0/x_1**1.0 + 0.02673*x_0*x_1 + 0.00019*x_0*x_1**2.0 + 0.00069*x_0*x_1**3.0 + 0.00606*x_0 - 0.00452*x_0**2.0/x_1**2.0 + 0.00105*x_0**2.0/x_1**1.0 + 1.0e-5*x_0**2.0*x_1 - 0.00017*x_0**2.0*x_1**2.0 + 0.00284*x_0**2.0 - 0.00094*x_0**3.0/x_1**3.0 - 3.0e-5*x_0**3.0/x_1**2.0 - 0.00032*x_0**3.0/x_1**1.0 + 1.0e-5*x_0**3.0*x_1 + 1.0e-5*x_0**3.0 - 8.0e-5*x_0**4.0/x_1**4.0 - 6.0e-5*x_0**4.0/x_1**2.0 + 0.03852*x_1 + 0.14835*x_1**2.0 + 0.00044*x_1**3.0 + 0.00082*x_1**4.0 - 2.0e-5*x_1**5.0 - 3.0e-5*x_1**6.0 + 2.25345
2,"[2, 4]",0.19572341442108154,577,0.00024*x_1**4.0/x_0**4.0 - 1.0e-5*x_1**6.0/x_0**4.0 + 0.00104*x_1**3.0/x_0**3.0 - 2.0e-5*x_1**4.0/x_0**3.0 - 5.0e-5*x_1**5.0/x_0**3.0 + 0.00515*x_1**2.0/x_0**2.0 + 0.00062*x_1**3.0/x_0**2.0 + 0.00169*x_1**4.0/x_0**2.0 - 3.0e-5*x_1**5.0/x_0**2.0 - 4.0e-5*x_1**6.0/x_0**2.0 + 0.00796*x_1/x_0**1.0 + 0.00169*x_1**2.0/x_0**1.0 + 0.00357*x_1**3.0/x_0**1.0 - 8.0e-5*x_1**4.0/x_0**1.0 - 8.0e-5*x_1**5.0/x_0**1.0 - 0.00263*x_0/x_1**1.0 + 0.00062*x_0*x_1 + 0.00123*x_0*x_1**2.0 - 7.0e-5*x_0*x_1**3.0 - 3.0e-5*x_0*x_1**4.0 + 0.00234*x_0 - 0.00168*x_0**2.0/x_1**2.0 - 0.00086*x_0**2.0/x_1**1.0 + 0.00095*x_0**2.0*x_1 + 0.00253*x_0**2.0*x_1**2.0 - 4.0e-5*x_0**2.0*x_1**3.0 - 6.0e-5*x_0**2.0*x_1**4.0 + 0.00435*x_0**2.0 + 0.00042*x_0**3.0/x_1**3.0 - 0.00032*x_0**3.0/x_1**2.0 - 0.00058*x_0**3.0/x_1**1.0 + 1.0e-5*x_0**3.0*x_1 - 2.0e-5*x_0**3.0*x_1**2.0 + 0.00054*x_0**3.0 + 0.00023*x_0**4.0/x_1**4.0 - 0.00065*x_0**4.0/x_1**2.0 - 2.0e-5*x_0**4.0*x_1**2.0 + 0.00055*x_0**4.0 + 0.00582*x_1 + 0.01474*x_1**2.0 + 0.00216*x_1**3.0 + 0.00292*x_1**4.0 - 5.0e-5*x_1**5.0 - 4.0e-5*x_1**6.0 + 0.37583,0.00027*x_1**4.0/x_0**4.0 - 1.0e-5*x_1**6.0/x_0**4.0 + 0.00115*x_1**3.0/x_0**3.0 - 2.0e-5*x_1**4.0/x_0**3.0 - 5.0e-5*x_1**5.0/x_0**3.0 + 0.00455*x_1**2.0/x_0**2.0 + 0.0007*x_1**3.0/x_0**2.0 + 0.00187*x_1**4.0/x_0**2.0 - 3.0e-5*x_1**5.0/x_0**2.0 - 4.0e-5*x_1**6.0/x_0**2.0 + 0.00641*x_1/x_0**1.0 + 0.00186*x_1**2.0/x_0**1.0 + 0.00393*x_1**3.0/x_0**1.0 - 8.0e-5*x_1**4.0/x_0**1.0 - 8.0e-5*x_1**5.0/x_0**1.0 - 0.00314*x_0/x_1**1.0 + 0.00049*x_0*x_1 + 0.00137*x_0*x_1**2.0 - 8.0e-5*x_0*x_1**3.0 - 3.0e-5*x_0*x_1**4.0 + 0.00174*x_0 - 0.00197*x_0**2.0/x_1**2.0 - 0.00106*x_0**2.0/x_1**1.0 + 0.00104*x_0**2.0*x_1 + 0.0028*x_0**2.0*x_1**2.0 - 4.0e-5*x_0**2.0*x_1**3.0 - 5.0e-5*x_0**2.0*x_1**4.0 + 0.00305*x_0**2.0 + 0.00051*x_0**3.0/x_1**3.0 - 0.0004*x_0**3.0/x_1**2.0 - 0.00073*x_0**3.0/x_1**1.0 - 2.0e-5*x_0**3.0*x_1**2.0 + 0.00059*x_0**3.0 + 0.00028*x_0**4.0/x_1**4.0 - 0.0008*x_0**4.0/x_1**2.0 - 2.0e-5*x_0**4.0*x_1**2.0 + 0.0006*x_0**4.0 + 0.00504*x_1 + 0.01258*x_1**2.0 + 0.0024*x_1**3.0 + 0.00324*x_1**4.0 - 5.0e-5*x_1**5.0 - 4.0e-5*x_1**6.0 + 0.55289,-1.0e-5*x_1**5.0/x_0**5.0 + 0.00041*x_1**4.0/x_0**4.0 - 2.0e-5*x_1**6.0/x_0**4.0 + 0.00177*x_1**3.0/x_0**3.0 - 3.0e-5*x_1**4.0/x_0**3.0 - 7.0e-5*x_1**5.0/x_0**3.0 + 0.00817*x_1**2.0/x_0**2.0 + 0.00106*x_1**3.0/x_0**2.0 + 0.00288*x_1**4.0/x_0**2.0 - 4.0e-5*x_1**5.0/x_0**2.0 - 6.0e-5*x_1**6.0/x_0**2.0 + 0.01233*x_1/x_0**1.0 + 0.00287*x_1**2.0/x_0**1.0 + 0.00606*x_1**3.0/x_0**1.0 - 0.00011*x_1**4.0/x_0**1.0 - 0.00012*x_1**5.0/x_0**1.0 - 0.00455*x_0/x_1**1.0 + 0.00097*x_0*x_1 + 0.00209*x_0*x_1**2.0 - 0.0001*x_0*x_1**3.0 - 4.0e-5*x_0*x_1**4.0 + 0.00356*x_0 - 0.00289*x_0**2.0/x_1**2.0 - 0.00151*x_0**2.0/x_1**1.0 + 0.00161*x_0**2.0*x_1 + 0.00428*x_0**2.0*x_1**2.0 - 6.0e-5*x_0**2.0*x_1**3.0 - 8.0e-5*x_0**2.0*x_1**4.0 + 0.00653*x_0**2.0 + 0.00073*x_0**3.0/x_1**3.0 - 0.00057*x_0**3.0/x_1**2.0 - 0.00102*x_0**3.0/x_1**1.0 - 1.0e-5*x_0**3.0*x_1 - 3.0e-5*x_0**3.0*x_1**2.0 + 0.00091*x_0**3.0 + 0.0004*x_0**4.0/x_1**4.0 - 0.00114*x_0**4.0/x_1**2.0 + 1.0e-5*x_0**4.0/x_1**1.0 - 1.0e-5*x_0**4.0*x_1 - 3.0e-5*x_0**4.0*x_1**2.0 + 0.00094*x_0**4.0 + 0.00918*x_1 + 0.02315*x_1**2.0 + 0.00367*x_1**3.0 + 0.00496*x_1**4.0 - 7.0e-5*x_1**5.0 - 6.0e-5*x_1**6.0 + 1.21461
2,"[2, 8]",0.07115825265645981,452,-0.0003*x_1**4.0/x_0**4.0 - 0.00109*x_1**3.0/x_0**3.0 + 2.0e-5*x_1**5.0/x_0**3.0 - 0.00376*x_1**2.0/x_0**2.0 + 0.00102*x_1**3.0/x_0**2.0 + 0.0032*x_1**4.0/x_0**2.0 - 2.0e-5*x_1**5.0/x_0**2.0 - 4.0e-5*x_1**6.0/x_0**2.0 - 0.0063*x_1/x_0**1.0 + 0.00307*x_1**2.0/x_0**1.0 + 0.00579*x_1**3.0/x_0**1.0 - 7.0e-5*x_1**4.0/x_0**1.0 - 6.0e-5*x_1**5.0/x_0**1.0 - 0.0214*x_0/x_1**1.0 + 0.00309*x_0*x_1 - 0.00019*x_0*x_1**2.0 - 8.0e-5*x_0*x_1**3.0 + 0.01792*x_0 - 0.01089*x_0**2.0/x_1**2.0 - 0.00022*x_0**2.0/x_1**1.0 - 0.00011*x_0**2.0*x_1 - 0.00027*x_0**2.0*x_1**2.0 + 0.02931*x_0**2.0 + 0.00025*x_0**3.0/x_1**3.0 - 7.0e-5*x_0**3.0/x_1**2.0 - 0.0002*x_0**3.0/x_1**1.0 - 2.0e-5*x_0**3.0*x_1 - 0.00023*x_0**3.0 + 7.0e-5*x_0**4.0/x_1**4.0 - 0.00012*x_0**4.0/x_1**2.0 - 0.00019*x_0**4.0 + 0.01731*x_1 + 0.04961*x_1**2.0 - 2.0e-5*x_1**3.0 + 3.0e-5*x_1**4.0 + 0.48046,-0.0006*x_1**4.0/x_0**4.0 - 0.00217*x_1**3.0/x_0**3.0 - 0.00824*x_1**2.0/x_0**2.0 + 0.00188*x_1**3.0/x_0**2.0 + 0.00593*x_1**4.0/x_0**2.0 - 1.0e-5*x_1**5.0/x_0**2.0 - 2.0e-5*x_1**6.0/x_0**2.0 - 0.01371*x_1/x_0**1.0 + 0.00571*x_1**2.0/x_0**1.0 + 0.01072*x_1**3.0/x_0**1.0 - 4.0e-5*x_1**4.0/x_0**1.0 - 3.0e-5*x_1**5.0/x_0**1.0 - 0.03928*x_0/x_1**1.0 + 0.00574*x_0*x_1 - 0.00035*x_0*x_1**2.0 - 4.0e-5*x_0*x_1**3.0 + 0.03312*x_0 - 0.01998*x_0**2.0/x_1**2.0 - 0.0004*x_0**2.0/x_1**1.0 - 0.0002*x_0**2.0*x_1 - 0.00056*x_0**2.0*x_1**2.0 + 0.05417*x_0**2.0 + 0.00046*x_0**3.0/x_1**3.0 - 0.00013*x_0**3.0/x_1**2.0 - 0.00037*x_0**3.0/x_1**1.0 - 1.0e-5*x_0**3.0*x_1 - 0.00047*x_0**3.0 + 0.00013*x_0**4.0/x_1**4.0 - 0.00021*x_0**4.0/x_1**2.0 - 0.00038*x_0**4.0 + 0.03192*x_1 + 0.09148*x_1**2.0 + 3.0e-5*x_1**3.0 + 6.0e-5*x_1**4.0 + 0.35532,-0.00104*x_1**4.0/x_0**4.0 + 1.0e-5*x_1**6.0/x_0**4.0 - 0.00374*x_1**3.0/x_0**3.0 + 1.0e-5*x_1**4.0/x_0**3.0 + 4.0e-5*x_1**5.0/x_0**3.0 - 0.0141*x_1**2.0/x_0**2.0 + 0.00328*x_1**3.0/x_0**2.0 + 0.01034*x_1**4.0/x_0**2.0 - 4.0e-5*x_1**5.0/x_0**2.0 - 7.0e-5*x_1**6.0/x_0**2.0 - 0.02347*x_1/x_0**1.0 + 0.00995*x_1**2.0/x_0**1.0 + 0.01866*x_1**3.0/x_0**1.0 - 0.00012*x_1**4.0/x_0**1.0 - 0.00011*x_1**5.0/x_0**1.0 - 0.06828*x_0/x_1**1.0 + 0.01012*x_0*x_1 - 0.00077*x_0*x_1**2.0 - 0.00012*x_0*x_1**3.0 + 0.05758*x_0 - 0.03476*x_0**2.0/x_1**2.0 - 0.00061*x_0**2.0/x_1**1.0 - 0.00042*x_0**2.0*x_1 - 0.00118*x_0**2.0*x_1**2.0 + 0.09414*x_0**2.0 + 0.00076*x_0**3.0/x_1**3.0 - 0.00019*x_0**3.0/x_1**2.0 - 0.00054*x_0**3.0/x_1**1.0 - 3.0e-5*x_0**3.0*x_1 - 0.00088*x_0**3.0 + 0.00021*x_0**4.0/x_1**4.0 - 0.00032*x_0**4.0/x_1**2.0 - 0.00072*x_0**4.0 + 0.05549*x_1 + 0.1589*x_1**2.0 - 0.00011*x_1**3.0 - 9.0e-5*x_1**4.0 + 0.71317
2,"[4, 1]",0.221943199634552,630,-2.0e-5*x_1**6.0/x_0**6.0 - 6.0e-5*x_1**5.0/x_0**5.0 - 0.00015*x_1**4.0/x_0**4.0 - 2.0e-5*x_1**6.0/x_0**4.0 - 0.00019*x_1**3.0/x_0**3.0 - 2.0e-5*x_1**5.0/x_0**3.0 + 0.00712*x_1**2.0/x_0**2.0 + 0.00038*x_1**3.0/x_0**2.0 + 0.00113*x_1**4.0/x_0**2.0 + 3.0e-5*x_1**5.0/x_0**2.0 + 4.0e-5*x_1**6.0/x_0**2.0 + 0.00758*x_1/x_0**1.0 + 0.00066*x_1**2.0/x_0**1.0 + 0.00108*x_1**3.0/x_0**1.0 + 4.0e-5*x_1**4.0/x_0**1.0 + 3.0e-5*x_1**5.0/x_0**1.0 + 0.00742*x_0/x_1**1.0 + 0.00129*x_0*x_1 + 0.00037*x_0*x_1**2.0 - 1.0e-5*x_0*x_1**3.0 + 0.00376*x_0 + 0.00164*x_0**2.0/x_1**2.0 + 0.00015*x_0**2.0/x_1**1.0 + 0.00038*x_0**2.0*x_1 + 0.00115*x_0**2.0*x_1**2.0 + 0.01069*x_0**2.0 - 0.0001*x_0**3.0/x_1**3.0 + 1.0e-5*x_0**3.0/x_1**2.0 + 0.00039*x_0**3.0/x_1**1.0 - 7.0e-5*x_0**3.0*x_1 + 0.00028*x_0**3.0 - 3.0e-5*x_0**4.0/x_1**4.0 + 5.0e-5*x_0**4.0/x_1**2.0 - 2.0e-5*x_0**4.0/x_1**1.0 + 0.00042*x_0**4.0 - 3.0e-5*x_0**5.0/x_1**3.0 - 3.0e-5*x_0**5.0/x_1**1.0 + 0.00456*x_1 + 0.01322*x_1**2.0 + 0.00045*x_1**3.0 + 0.00066*x_1**4.0 + 0.61336,-3.0e-5*x_1**6.0/x_0**6.0 - 9.0e-5*x_1**5.0/x_0**5.0 - 0.00024*x_1**4.0/x_0**4.0 - 2.0e-5*x_1**6.0/x_0**4.0 - 0.00029*x_1**3.0/x_0**3.0 - 2.0e-5*x_1**4.0/x_0**3.0 - 4.0e-5*x_1**5.0/x_0**3.0 + 0.01088*x_1**2.0/x_0**2.0 + 0.00059*x_1**3.0/x_0**2.0 + 0.00174*x_1**4.0/x_0**2.0 + 4.0e-5*x_1**5.0/x_0**2.0 + 6.0e-5*x_1**6.0/x_0**2.0 + 0.01159*x_1/x_0**1.0 + 0.001*x_1**2.0/x_0**1.0 + 0.00165*x_1**3.0/x_0**1.0 + 6.0e-5*x_1**4.0/x_0**1.0 + 5.0e-5*x_1**5.0/x_0**1.0 + 0.01133*x_0/x_1**1.0 + 0.00196*x_0*x_1 + 0.00057*x_0*x_1**2.0 - 1.0e-5*x_0*x_1**3.0 + 0.00575*x_0 + 0.0025*x_0**2.0/x_1**2.0 + 0.00023*x_0**2.0/x_1**1.0 + 0.00056*x_0**2.0*x_1 + 0.00176*x_0**2.0*x_1**2.0 - 1.0e-5*x_0**2.0*x_1**4.0 + 0.01632*x_0**2.0 - 0.00016*x_0**3.0/x_1**3.0 + 1.0e-5*x_0**3.0/x_1**2.0 + 0.0006*x_0**3.0/x_1**1.0 - 0.00011*x_0**3.0*x_1 + 0.00042*x_0**3.0 - 4.0e-5*x_0**4.0/x_1**4.0 - 1.0e-5*x_0**4.0/x_1**3.0 + 8.0e-5*x_0**4.0/x_1**2.0 - 3.0e-5*x_0**4.0/x_1**1.0 - 1.0e-5*x_0**4.0*x_1**2.0 + 0.00064*x_0**4.0 - 4.0e-5*x_0**5.0/x_1**3.0 - 4.0e-5*x_0**5.0/x_1**1.0 - 1.0e-5*x_0**6.0/x_1**2.0 + 0.00695*x_1 + 0.0202*x_1**2.0 + 0.00069*x_1**3.0 + 0.001*x_1**4.0 - 1.0e-5*x_1**5.0 - 1.0e-5*x_1**6.0 + 0.69396,-5.0e-5*x_1**6.0/x_0**6.0 - 0.00015*x_1**5.0/x_0**5.0 - 0.00042*x_1**4.0/x_0**4.0 - 1.0e-5*x_1**5.0/x_0**4.0 - 4.0e-5*x_1**6.0/x_0**4.0 - 0.0005*x_1**3.0/x_0**3.0 - 4.0e-5*x_1**4.0/x_0**3.0 - 6.0e-5*x_1**5.0/x_0**3.0 + 0.01883*x_1**2.0/x_0**2.0 + 0.00102*x_1**3.0/x_0**2.0 + 0.00303*x_1**4.0/x_0**2.0 + 7.0e-5*x_1**5.0/x_0**2.0 + 0.0001*x_1**6.0/x_0**2.0 + 0.02004*x_1/x_0**1.0 + 0.00175*x_1**2.0/x_0**1.0 + 0.00287*x_1**3.0/x_0**1.0 + 0.0001*x_1**4.0/x_0**1.0 + 9.0e-5*x_1**5.0/x_0**1.0 + 0.01962*x_0/x_1**1.0 + 0.00339*x_0*x_1 + 0.001*x_0*x_1**2.0 - 3.0e-5*x_0*x_1**3.0 + 0.00996*x_0 + 0.00432*x_0**2.0/x_1**2.0 + 0.0004*x_0**2.0/x_1**1.0 + 0.00099*x_0**2.0*x_1 + 0.00306*x_0**2.0*x_1**2.0 - 2.0e-5*x_0**2.0*x_1**3.0 - 2.0e-5*x_0**2.0*x_1**4.0 + 0.02826*x_0**2.0 - 0.00027*x_0**3.0/x_1**3.0 + 2.0e-5*x_0**3.0/x_1**2.0 + 0.00104*x_0**3.0/x_1**1.0 - 0.00017*x_0**3.0*x_1 - 2.0e-5*x_0**3.0*x_1**2.0 + 0.00071*x_0**3.0 - 7.0e-5*x_0**4.0/x_1**4.0 - 2.0e-5*x_0**4.0/x_1**3.0 + 0.00013*x_0**4.0/x_1**2.0 - 7.0e-5*x_0**4.0/x_1**1.0 - 2.0e-5*x_0**4.0*x_1**2.0 + 0.00112*x_0**4.0 - 1.0e-5*x_0**5.0/x_1**5.0 - 7.0e-5*x_0**5.0/x_1**3.0 - 1.0e-5*x_0**5.0/x_1**2.0 - 8.0e-5*x_0**5.0/x_1**1.0 - 2.0e-5*x_0**5.0 - 2.0e-5*x_0**6.0/x_1**2.0 - 2.0e-5*x_0**6.0 + 0.01204*x_1 + 0.03497*x_1**2.0 + 0.0012*x_1**3.0 + 0.00173*x_1**4.0 - 2.0e-5*x_1**5.0 - 2.0e-5*x_1**6.0 + 0.94066
2,"[4, 2]",0.026533931493759155,709,0.00023*x_1**8.0/x_0**8.0 + 0.00171*x_1**7.0/x_0**7.0 + 0.01046*x_1**6.0/x_0**6.0 - 3.0e-5*x_1**7.0/x_0**6.0 - 0.0001*x_1**8.0/x_0**6.0 + 0.03741*x_1**5.0/x_0**5.0 - 0.0001*x_1**6.0/x_0**5.0 - 0.00058*x_1**7.0/x_0**5.0 + 0.11246*x_1**4.0/x_0**4.0 - 0.00025*x_1**5.0/x_0**4.0 - 0.00199*x_1**6.0/x_0**4.0 + 1.0e-5*x_1**8.0/x_0**4.0 + 0.22379*x_1**3.0/x_0**3.0 + 0.00063*x_1**4.0/x_0**3.0 - 0.00388*x_1**5.0/x_0**3.0 + 1.0e-5*x_1**6.0/x_0**3.0 + 5.0e-5*x_1**7.0/x_0**3.0 + 0.37649*x_1**2.0/x_0**2.0 + 0.00382*x_1**3.0/x_0**2.0 - 0.0015*x_1**4.0/x_0**2.0 - 7.0e-5*x_1**5.0/x_0**2.0 - 2.0e-5*x_1**6.0/x_0**2.0 + 0.35912*x_1/x_0**1.0 + 0.0107*x_1**2.0/x_0**1.0 + 0.00516*x_1**3.0/x_0**1.0 - 0.00019*x_1**4.0/x_0**1.0 - 0.00018*x_1**5.0/x_0**1.0 - 0.04507*x_0/x_1**1.0 + 0.01447*x_0*x_1 + 0.00024*x_0*x_1**2.0 - 0.00011*x_0*x_1**3.0 + 0.01024*x_0 - 0.00928*x_0**2.0/x_1**2.0 - 0.0012*x_0**2.0/x_1**1.0 + 0.00025*x_0**2.0*x_1 + 0.00027*x_0**2.0*x_1**2.0 + 0.01378*x_0**2.0 + 0.00126*x_0**3.0/x_1**3.0 - 0.00023*x_0**3.0/x_1**2.0 - 0.00129*x_0**3.0/x_1**1.0 + 0.0001*x_0**3.0*x_1 + 0.00018*x_0**3.0 + 0.00016*x_0**4.0/x_1**4.0 + 2.0e-5*x_0**4.0/x_1**3.0 - 0.00033*x_0**4.0/x_1**2.0 + 0.0001*x_0**4.0 - 2.0e-5*x_0**5.0/x_1**5.0 + 2.0e-5*x_0**5.0/x_1**3.0 + 0.01523*x_1 + 0.02345*x_1**2.0 + 0.58927,0.0003*x_1**8.0/x_0**8.0 + 0.00224*x_1**7.0/x_0**7.0 + 0.01388*x_1**6.0/x_0**6.0 - 5.0e-5*x_1**7.0/x_0**6.0 - 0.00014*x_1**8.0/x_0**6.0 + 0.05002*x_1**5.0/x_0**5.0 - 0.00015*x_1**6.0/x_0**5.0 - 0.00079*x_1**7.0/x_0**5.0 + 0.1605*x_1**4.0/x_0**4.0 - 0.00035*x_1**5.0/x_0**4.0 - 0.00278*x_1**6.0/x_0**4.0 + 1.0e-5*x_1**7.0/x_0**4.0 + 2.0e-5*x_1**8.0/x_0**4.0 + 0.33612*x_1**3.0/x_0**3.0 + 0.00079*x_1**4.0/x_0**3.0 - 0.00552*x_1**5.0/x_0**3.0 + 2.0e-5*x_1**6.0/x_0**3.0 + 7.0e-5*x_1**7.0/x_0**3.0 + 0.64292*x_1**2.0/x_0**2.0 + 0.00449*x_1**3.0/x_0**2.0 - 0.00429*x_1**4.0/x_0**2.0 - 9.0e-5*x_1**5.0/x_0**2.0 + 0.67296*x_1/x_0**1.0 + 0.01433*x_1**2.0/x_0**1.0 + 0.00327*x_1**3.0/x_0**1.0 - 0.00023*x_1**4.0/x_0**1.0 - 0.00021*x_1**5.0/x_0**1.0 - 0.08051*x_0/x_1**1.0 + 0.0216*x_0*x_1 + 0.00022*x_0*x_1**2.0 - 0.00015*x_0*x_1**3.0 + 0.01986*x_0 - 0.01865*x_0**2.0/x_1**2.0 - 0.00158*x_0**2.0/x_1**1.0 + 0.00024*x_0**2.0*x_1 + 0.00026*x_0**2.0*x_1**2.0 + 0.02651*x_0**2.0 + 0.00181*x_0**3.0/x_1**3.0 - 0.00032*x_0**3.0/x_1**2.0 - 0.00161*x_0**3.0/x_1**1.0 + 0.0001*x_0**3.0*x_1 + 0.00012*x_0**3.0 + 0.00025*x_0**4.0/x_1**4.0 + 1.0e-5*x_0**4.0/x_1**3.0 - 0.00043*x_0**4.0/x_1**2.0 + 7.0e-5*x_0**4.0 - 1.0e-5*x_0**5.0/x_1**5.0 + 2.0e-5*x_0**5.0/x_1**3.0 + 0.02406*x_1 + 0.03776*x_1**2.0 + 1.0e-5*x_1**3.0 + 1.0e-5*x_1**4.0 + 0.62787,0.00053*x_1**8.0/x_0**8.0 + 0.00391*x_1**7.0/x_0**7.0 + 0.02404*x_1**6.0/x_0**6.0 - 8.0e-5*x_1**7.0/x_0**6.0 - 0.00024*x_1**8.0/x_0**6.0 + 0.0863*x_1**5.0/x_0**5.0 - 0.00025*x_1**6.0/x_0**5.0 - 0.00134*x_1**7.0/x_0**5.0 + 0.26832*x_1**4.0/x_0**4.0 - 0.00059*x_1**5.0/x_0**4.0 - 0.0047*x_1**6.0/x_0**4.0 + 2.0e-5*x_1**7.0/x_0**4.0 + 3.0e-5*x_1**8.0/x_0**4.0 + 0.54854*x_1**3.0/x_0**3.0 + 0.00141*x_1**4.0/x_0**3.0 - 0.00925*x_1**5.0/x_0**3.0 + 3.0e-5*x_1**6.0/x_0**3.0 + 0.00012*x_1**7.0/x_0**3.0 + 0.99042*x_1**2.0/x_0**2.0 + 0.00827*x_1**3.0/x_0**2.0 - 0.00544*x_1**4.0/x_0**2.0 - 0.00018*x_1**5.0/x_0**2.0 - 5.0e-5*x_1**6.0/x_0**2.0 + 0.99686*x_1/x_0**1.0 + 0.02473*x_1**2.0/x_0**1.0 + 0.00873*x_1**3.0/x_0**1.0 - 0.00041*x_1**4.0/x_0**1.0 - 0.00036*x_1**5.0/x_0**1.0 - 0.12167*x_0/x_1**1.0 + 0.03537*x_0*x_1 + 0.00046*x_0*x_1**2.0 - 0.00025*x_0*x_1**3.0 + 0.02901*x_0 - 0.02685*x_0**2.0/x_1**2.0 - 0.00273*x_0**2.0/x_1**1.0 + 0.00049*x_0**2.0*x_1 + 0.00052*x_0**2.0*x_1**2.0 + 0.03883*x_0**2.0 + 0.00301*x_0**3.0/x_1**3.0 - 0.00053*x_0**3.0/x_1**2.0 - 0.00287*x_0**3.0/x_1**1.0 + 0.00021*x_0**3.0*x_1 - 1.0e-5*x_0**3.0*x_1**2.0 + 0.00027*x_0**3.0 + 0.00039*x_0**4.0/x_1**4.0 + 3.0e-5*x_0**4.0/x_1**3.0 - 0.00072*x_0**4.0/x_1**2.0 + 0.00018*x_0**4.0 - 3.0e-5*x_0**5.0/x_1**5.0 + 4.0e-5*x_0**5.0/x_1**3.0 - 1.0e-5*x_0**5.0 + 0.03834*x_1 + 0.0597*x_1**2.0 + 3.0e-5*x_1**3.0 + 3.0e-5*x_1**4.0 + 1.38759
2,"[4, 4]",0.18838229775428772,829,-1.0e-5*x_1**8.0/x_0**8.0 - 6.0e-5*x_1**7.0/x_0**7.0 - 0.00019*x_1**6.0/x_0**6.0 - 0.00037*x_1**5.0/x_0**5.0 - 2.0e-5*x_1**7.0/x_0**5.0 + 0.00164*x_1**4.0/x_0**4.0 + 2.0e-5*x_1**5.0/x_0**4.0 + 5.0e-5*x_1**6.0/x_0**4.0 + 2.0e-5*x_1**7.0/x_0**4.0 + 2.0e-5*x_1**8.0/x_0**4.0 + 0.0041*x_1**3.0/x_0**3.0 + 0.00012*x_1**4.0/x_0**3.0 + 0.00014*x_1**5.0/x_0**3.0 + 7.0e-5*x_1**6.0/x_0**3.0 + 4.0e-5*x_1**7.0/x_0**3.0 + 0.00636*x_1**2.0/x_0**2.0 - 0.00033*x_1**3.0/x_0**2.0 - 0.00068*x_1**4.0/x_0**2.0 + 9.0e-5*x_1**5.0/x_0**2.0 + 7.0e-5*x_1**6.0/x_0**2.0 + 0.00497*x_1/x_0**1.0 - 0.00117*x_1**2.0/x_0**1.0 - 0.00072*x_1**3.0/x_0**1.0 + 9.0e-5*x_1**4.0/x_0**1.0 + 8.0e-5*x_1**5.0/x_0**1.0 - 0.00107*x_0/x_1**1.0 - 0.00207*x_0*x_1 + 0.00097*x_0*x_1**2.0 + 3.0e-5*x_0*x_1**3.0 - 3.0e-5*x_0*x_1**4.0 - 2.0e-5*x_0*x_1**5.0 - 0.0004*x_0 - 0.0018*x_0**2.0/x_1**2.0 - 0.00119*x_0**2.0/x_1**1.0 + 0.00098*x_0**2.0*x_1 + 0.00185*x_0**2.0*x_1**2.0 - 0.00068*x_0**2.0 + 0.00069*x_0**3.0/x_1**3.0 - 0.00057*x_0**3.0/x_1**2.0 - 0.00095*x_0**3.0/x_1**1.0 - 1.0e-5*x_0**3.0*x_1 - 2.0e-5*x_0**3.0*x_1**2.0 - 2.0e-5*x_0**3.0*x_1**3.0 + 0.0008*x_0**3.0 + 0.00039*x_0**4.0/x_1**4.0 - 0.00112*x_0**4.0/x_1**2.0 + 1.0e-5*x_0**4.0/x_1**1.0 - 1.0e-5*x_0**4.0*x_1 + 0.00074*x_0**4.0 + 2.0e-5*x_0**5.0/x_1**1.0 - 1.0e-5*x_0**5.0 + 0.00172*x_1 + 0.00367*x_1**2.0 + 0.00119*x_1**3.0 + 0.0011*x_1**4.0 + 1.0e-5*x_1**5.0 + 1.07904,-1.0e-5*x_1**8.0/x_0**8.0 - 4.0e-5*x_1**7.0/x_0**7.0 - 0.00016*x_1**6.0/x_0**6.0 - 0.00033*x_1**5.0/x_0**5.0 - 1.0e-5*x_1**6.0/x_0**5.0 - 2.0e-5*x_1**7.0/x_0**5.0 + 0.00217*x_1**4.0/x_0**4.0 + 2.0e-5*x_1**5.0/x_0**4.0 + 4.0e-5*x_1**6.0/x_0**4.0 + 2.0e-5*x_1**7.0/x_0**4.0 + 2.0e-5*x_1**8.0/x_0**4.0 + 0.00517*x_1**3.0/x_0**3.0 + 0.00011*x_1**4.0/x_0**3.0 + 0.00012*x_1**5.0/x_0**3.0 + 7.0e-5*x_1**6.0/x_0**3.0 + 5.0e-5*x_1**7.0/x_0**3.0 + 0.00545*x_1**2.0/x_0**2.0 - 0.00055*x_1**3.0/x_0**2.0 - 0.00106*x_1**4.0/x_0**2.0 + 0.00012*x_1**5.0/x_0**2.0 + 8.0e-5*x_1**6.0/x_0**2.0 + 0.00363*x_1/x_0**1.0 - 0.00166*x_1**2.0/x_0**1.0 - 0.00113*x_1**3.0/x_0**1.0 + 0.00013*x_1**4.0/x_0**1.0 + 0.00011*x_1**5.0/x_0**1.0 - 0.00251*x_0/x_1**1.0 - 0.00293*x_0*x_1 + 0.00146*x_0*x_1**2.0 + 6.0e-5*x_0*x_1**3.0 - 4.0e-5*x_0*x_1**4.0 - 2.0e-5*x_0*x_1**5.0 + 0.00084*x_0 - 0.00365*x_0**2.0/x_1**2.0 - 0.00177*x_0**2.0/x_1**1.0 + 0.00147*x_0**2.0*x_1 + 0.00274*x_0**2.0*x_1**2.0 - 2.0e-5*x_0**2.0*x_1**3.0 - 1.0e-5*x_0**2.0*x_1**4.0 + 0.00178*x_0**2.0 + 0.00102*x_0**3.0/x_1**3.0 - 0.00086*x_0**3.0/x_1**2.0 - 0.00147*x_0**3.0/x_1**1.0 + 3.0e-5*x_0**3.0*x_1 - 4.0e-5*x_0**3.0*x_1**2.0 - 2.0e-5*x_0**3.0*x_1**3.0 + 0.00128*x_0**3.0 + 0.00058*x_0**4.0/x_1**4.0 - 0.00168*x_0**4.0/x_1**2.0 + 3.0e-5*x_0**4.0/x_1**1.0 - 1.0e-5*x_0**4.0*x_1 - 1.0e-5*x_0**4.0*x_1**2.0 + 0.0012*x_0**4.0 + 1.0e-5*x_0**5.0/x_1**2.0 + 3.0e-5*x_0**5.0/x_1**1.0 - 2.0e-5*x_0**5.0 + 1.0e-5*x_0**6.0/x_1**2.0 - 1.0e-5*x_0**6.0 + 0.00312*x_1 + 0.00644*x_1**2.0 + 0.00175*x_1**3.0 + 0.00162*x_1**4.0 + 1.0e-5*x_1**5.0 + 1.16606,-2.0e-5*x_1**7.0/x_0**7.0 - 0.0001*x_1**6.0/x_0**6.0 - 1.0e-5*x_1**8.0/x_0**6.0 - 0.00026*x_1**5.0/x_0**5.0 - 2.0e-5*x_1**6.0/x_0**5.0 - 4.0e-5*x_1**7.0/x_0**5.0 + 0.00284*x_1**4.0/x_0**4.0 - 1.0e-5*x_1**5.0/x_0**4.0 + 3.0e-5*x_1**6.0/x_0**4.0 + 3.0e-5*x_1**7.0/x_0**4.0 + 2.0e-5*x_1**8.0/x_0**4.0 + 0.00653*x_1**3.0/x_0**3.0 + 9.0e-5*x_1**4.0/x_0**3.0 + 9.0e-5*x_1**5.0/x_0**3.0 + 9.0e-5*x_1**6.0/x_0**3.0 + 5.0e-5*x_1**7.0/x_0**3.0 + 0.00129*x_1**2.0/x_0**2.0 - 0.00097*x_1**3.0/x_0**2.0 - 0.00186*x_1**4.0/x_0**2.0 + 0.00017*x_1**5.0/x_0**2.0 + 0.00013*x_1**6.0/x_0**2.0 - 0.00114*x_1/x_0**1.0 - 0.00257*x_1**2.0/x_0**1.0 - 0.002*x_1**3.0/x_0**1.0 + 0.00022*x_1**4.0/x_0**1.0 + 0.00015*x_1**5.0/x_0**1.0 - 0.00592*x_0/x_1**1.0 - 0.00451*x_0*x_1 + 0.00252*x_0*x_1**2.0 + 0.00013*x_0*x_1**3.0 - 4.0e-5*x_0*x_1**4.0 - 2.0e-5*x_0*x_1**5.0 + 0.00416*x_0 - 0.00788*x_0**2.0/x_1**2.0 - 0.00307*x_0**2.0/x_1**1.0 + 0.00256*x_0**2.0*x_1 + 0.00467*x_0**2.0*x_1**2.0 - 5.0e-5*x_0**2.0*x_1**3.0 - 3.0e-5*x_0**2.0*x_1**4.0 + 0.00835*x_0**2.0 + 0.00176*x_0**3.0/x_1**3.0 - 0.00151*x_0**3.0/x_1**2.0 - 0.00258*x_0**3.0/x_1**1.0 + 5.0e-5*x_0**3.0*x_1 - 7.0e-5*x_0**3.0*x_1**2.0 - 3.0e-5*x_0**3.0*x_1**3.0 + 0.00233*x_0**3.0 + 0.001*x_0**4.0/x_1**4.0 - 1.0e-5*x_0**4.0/x_1**3.0 - 0.00292*x_0**4.0/x_1**2.0 + 6.0e-5*x_0**4.0/x_1**1.0 - 4.0e-5*x_0**4.0*x_1 - 4.0e-5*x_0**4.0*x_1**2.0 + 0.00221*x_0**4.0 - 3.0e-5*x_0**5.0/x_1**3.0 + 3.0e-5*x_0**5.0/x_1**2.0 + 5.0e-5*x_0**5.0/x_1**1.0 - 1.0e-5*x_0**5.0*x_1 - 4.0e-5*x_0**5.0 - 1.0e-5*x_0**6.0/x_1**4.0 + 3.0e-5*x_0**6.0/x_1**2.0 - 2.0e-5*x_0**6.0 + 0.00626*x_1 + 0.01263*x_1**2.0 + 0.00298*x_1**3.0 + 0.00273*x_1**4.0 - 1.0e-5*x_1**5.0 - 2.0e-5*x_1**6.0 + 1.47024
2,"[4, 8]",0.109613798558712,613,0.00015*x_1**4.0/x_0**4.0 + 2.0e-5*x_1**6.0/x_0**4.0 + 0.00045*x_1**3.0/x_0**3.0 + 2.0e-5*x_1**4.0/x_0**3.0 + 7.0e-5*x_1**5.0/x_0**3.0 + 0.00114*x_1**2.0/x_0**2.0 - 0.00013*x_1**3.0/x_0**2.0 - 0.00066*x_1**4.0/x_0**2.0 + 1.0e-5*x_1**6.0/x_0**2.0 + 0.00198*x_1/x_0**1.0 - 0.00043*x_1**2.0/x_0**1.0 - 0.00107*x_1**3.0/x_0**1.0 + 1.0e-5*x_1**5.0/x_0**1.0 - 0.00611*x_0/x_1**1.0 - 0.00285*x_0*x_1 + 0.00114*x_0*x_1**2.0 + 3.0e-5*x_0*x_1**3.0 - 2.0e-5*x_0*x_1**4.0 + 0.00201*x_0 - 0.00165*x_0**2.0/x_1**2.0 - 0.00103*x_0**2.0/x_1**1.0 + 0.00052*x_0**2.0*x_1 + 0.00217*x_0**2.0*x_1**2.0 - 2.0e-5*x_0**2.0*x_1**3.0 - 4.0e-5*x_0**2.0*x_1**4.0 + 0.00417*x_0**2.0 + 0.00075*x_0**3.0/x_1**3.0 - 0.00032*x_0**3.0/x_1**2.0 - 0.00153*x_0**3.0/x_1**1.0 + 5.0e-5*x_0**3.0*x_1 - 2.0e-5*x_0**3.0*x_1**2.0 + 0.00063*x_0**3.0 + 0.00015*x_0**4.0/x_1**4.0 - 0.00061*x_0**4.0/x_1**2.0 + 1.0e-5*x_0**4.0/x_1**1.0 - 2.0e-5*x_0**4.0*x_1**2.0 + 0.00061*x_0**4.0 + 1.0e-5*x_0**5.0/x_1**1.0 + 0.00214*x_1 + 0.01023*x_1**2.0 + 0.00087*x_1**3.0 + 0.00187*x_1**4.0 - 1.0e-5*x_1**5.0 - 2.0e-5*x_1**6.0 + 0.58867,3.0e-5*x_1**5.0/x_0**5.0 + 0.00055*x_1**4.0/x_0**4.0 + 4.0e-5*x_1**6.0/x_0**4.0 + 0.00153*x_1**3.0/x_0**3.0 + 2.0e-5*x_1**4.0/x_0**3.0 + 9.0e-5*x_1**5.0/x_0**3.0 + 2.0e-5*x_1**7.0/x_0**3.0 + 0.00847*x_1**2.0/x_0**2.0 + 0.00058*x_1**3.0/x_0**2.0 + 0.00244*x_1**4.0/x_0**2.0 + 1.0e-5*x_1**5.0/x_0**2.0 + 3.0e-5*x_1**6.0/x_0**2.0 + 0.01036*x_1/x_0**1.0 + 0.00155*x_1**2.0/x_0**1.0 + 0.00363*x_1**3.0/x_0**1.0 + 1.0e-5*x_1**4.0/x_0**1.0 + 4.0e-5*x_1**5.0/x_0**1.0 - 0.01119*x_0/x_1**1.0 + 0.00203*x_0*x_1 + 0.00107*x_0*x_1**2.0 - 2.0e-5*x_0*x_1**3.0 - 2.0e-5*x_0*x_1**4.0 + 0.00411*x_0 - 0.00469*x_0**2.0/x_1**2.0 - 0.00031*x_0**2.0/x_1**1.0 + 0.00047*x_0**2.0*x_1 + 0.00207*x_0**2.0*x_1**2.0 - 2.0e-5*x_0**2.0*x_1**3.0 - 3.0e-5*x_0**2.0*x_1**4.0 + 0.00805*x_0**2.0 - 0.00039*x_0**3.0/x_1**3.0 - 0.00011*x_0**3.0/x_1**2.0 - 0.00055*x_0**3.0/x_1**1.0 - 2.0e-5*x_0**3.0*x_1**2.0 + 0.00044*x_0**3.0 - 8.0e-5*x_0**4.0/x_1**4.0 - 0.00021*x_0**4.0/x_1**2.0 - 2.0e-5*x_0**4.0*x_1**2.0 + 0.00042*x_0**4.0 + 0.00644*x_1 + 0.02463*x_1**2.0 + 0.00084*x_1**3.0 + 0.00181*x_1**4.0 - 1.0e-5*x_1**5.0 - 2.0e-5*x_1**6.0 + 0.83318,0.00072*x_1**4.0/x_0**4.0 + 1.0e-5*x_1**5.0/x_0**4.0 + 5.0e-5*x_1**6.0/x_0**4.0 + 0.00219*x_1**3.0/x_0**3.0 + 4.0e-5*x_1**4.0/x_0**3.0 + 0.00013*x_1**5.0/x_0**3.0 + 2.0e-5*x_1**7.0/x_0**3.0 + 0.00669*x_1**2.0/x_0**2.0 + 0.00034*x_1**3.0/x_0**2.0 + 0.00133*x_1**4.0/x_0**2.0 + 3.0e-5*x_1**5.0/x_0**2.0 + 4.0e-5*x_1**6.0/x_0**2.0 + 0.00777*x_1/x_0**1.0 + 0.00082*x_1**2.0/x_0**1.0 + 0.00196*x_1**3.0/x_0**1.0 + 3.0e-5*x_1**4.0/x_0**1.0 + 6.0e-5*x_1**5.0/x_0**1.0 - 0.01599*x_0/x_1**1.0 - 0.00166*x_0*x_1 + 0.00218*x_0*x_1**2.0 + 8.0e-5*x_0*x_1**3.0 - 3.0e-5*x_0*x_1**4.0 + 0.00448*x_0 - 0.00564*x_0**2.0/x_1**2.0 - 0.00151*x_0**2.0/x_1**1.0 + 0.00102*x_0**2.0*x_1 + 0.00418*x_0**2.0*x_1**2.0 - 3.0e-5*x_0**2.0*x_1**3.0 - 7.0e-5*x_0**2.0*x_1**4.0 + 0.00901*x_0**2.0 + 0.00057*x_0**3.0/x_1**3.0 - 0.0005*x_0**3.0/x_1**2.0 - 0.00235*x_0**3.0/x_1**1.0 + 8.0e-5*x_0**3.0*x_1 - 4.0e-5*x_0**3.0*x_1**2.0 + 0.00108*x_0**3.0 + 0.00012*x_0**4.0/x_1**4.0 - 1.0e-5*x_0**4.0/x_1**3.0 - 0.00095*x_0**4.0/x_1**2.0 + 2.0e-5*x_0**4.0/x_1**1.0 - 4.0e-5*x_0**4.0*x_1**2.0 + 0.00103*x_0**4.0 - 2.0e-5*x_0**5.0/x_1**3.0 + 1.0e-5*x_0**5.0/x_1**2.0 + 2.0e-5*x_0**5.0/x_1**1.0 + 1.0e-5*x_0**6.0/x_1**2.0 + 0.00699*x_1 + 0.0287*x_1**2.0 + 0.00167*x_1**3.0 + 0.00363*x_1**4.0 - 3.0e-5*x_1**5.0 - 4.0e-5*x_1**6.0 + 1.49189
2,"[8, 1]",12.41202449798584,604,-1.0e-5*x_1**7.0/x_0**7.0 + 0.0002*x_1**6.0/x_0**6.0 + 0.00079*x_1**5.0/x_0**5.0 - 0.0053*x_1**4.0/x_0**4.0 - 6.0e-5*x_1**5.0/x_0**4.0 - 9.0e-5*x_1**6.0/x_0**4.0 - 0.01385*x_1**3.0/x_0**3.0 - 0.00023*x_1**4.0/x_0**3.0 - 0.00022*x_1**5.0/x_0**3.0 + 0.05473*x_1**2.0/x_0**2.0 + 0.00053*x_1**3.0/x_0**2.0 + 0.00092*x_1**4.0/x_0**2.0 + 1.0e-5*x_1**5.0/x_0**2.0 + 0.04572*x_1/x_0**1.0 + 0.00154*x_1**2.0/x_0**1.0 + 0.00135*x_1**3.0/x_0**1.0 + 2.0e-5*x_1**4.0/x_0**1.0 + 1.0e-5*x_1**5.0/x_0**1.0 + 0.17552*x_0/x_1**1.0 - 0.0013*x_0*x_1 - 2.0e-5*x_0*x_1**2.0 - 4.0e-5*x_0*x_1**3.0 + 0.00023*x_0 - 0.01474*x_0**2.0/x_1**2.0 + 0.00017*x_0**2.0/x_1**1.0 + 7.0e-5*x_0**2.0*x_1 + 0.00013*x_0**2.0*x_1**2.0 + 0.00661*x_0**2.0 - 0.01361*x_0**3.0/x_1**3.0 + 0.00028*x_0**3.0/x_1**2.0 - 0.00248*x_0**3.0/x_1**1.0 + 1.0e-5*x_0**3.0*x_1 - 6.0e-5*x_0**3.0 - 0.00019*x_0**4.0/x_1**4.0 + 2.0e-5*x_0**4.0/x_1**3.0 - 0.00036*x_0**4.0/x_1**2.0 + 2.0e-5*x_0**4.0/x_1**1.0 - 0.00012*x_0**4.0 + 0.00019*x_0**5.0/x_1**5.0 + 4.0e-5*x_0**5.0/x_1**3.0 + 3.0e-5*x_0**5.0/x_1**1.0 - 0.00295*x_1 - 0.00425*x_1**2.0 - 7.0e-5*x_1**3.0 - 6.0e-5*x_1**4.0 + 1.88878,-2.0e-5*x_1**7.0/x_0**7.0 + 0.00031*x_1**6.0/x_0**6.0 + 0.00123*x_1**5.0/x_0**5.0 + 1.0e-5*x_1**7.0/x_0**5.0 - 0.0083*x_1**4.0/x_0**4.0 - 8.0e-5*x_1**5.0/x_0**4.0 - 0.00013*x_1**6.0/x_0**4.0 - 0.02168*x_1**3.0/x_0**3.0 - 0.00038*x_1**4.0/x_0**3.0 - 0.00035*x_1**5.0/x_0**3.0 + 0.08564*x_1**2.0/x_0**2.0 + 0.00083*x_1**3.0/x_0**2.0 + 0.00143*x_1**4.0/x_0**2.0 + 2.0e-5*x_1**5.0/x_0**2.0 + 1.0e-5*x_1**6.0/x_0**2.0 + 0.07153*x_1/x_0**1.0 + 0.00241*x_1**2.0/x_0**1.0 + 0.00211*x_1**3.0/x_0**1.0 + 3.0e-5*x_1**4.0/x_0**1.0 + 1.0e-5*x_1**5.0/x_0**1.0 + 0.27464*x_0/x_1**1.0 - 0.00202*x_0*x_1 - 1.0e-5*x_0*x_1**2.0 - 6.0e-5*x_0*x_1**3.0 + 0.00035*x_0 - 0.02306*x_0**2.0/x_1**2.0 + 0.00025*x_0**2.0/x_1**1.0 + 0.00012*x_0**2.0*x_1 + 0.00021*x_0**2.0*x_1**2.0 + 0.01031*x_0**2.0 - 0.02129*x_0**3.0/x_1**3.0 + 0.00044*x_0**3.0/x_1**2.0 - 0.00387*x_0**3.0/x_1**1.0 - 0.0001*x_0**3.0 - 0.00029*x_0**4.0/x_1**4.0 + 5.0e-5*x_0**4.0/x_1**3.0 - 0.00057*x_0**4.0/x_1**2.0 + 3.0e-5*x_0**4.0/x_1**1.0 - 0.00018*x_0**4.0 + 0.00029*x_0**5.0/x_1**5.0 + 5.0e-5*x_0**5.0/x_1**3.0 + 5.0e-5*x_0**5.0/x_1**1.0 - 0.00462*x_1 - 0.00665*x_1**2.0 - 0.0001*x_1**3.0 - 8.0e-5*x_1**4.0 + 3.14523,-2.0e-5*x_1**7.0/x_0**7.0 + 0.00027*x_1**6.0/x_0**6.0 + 0.00105*x_1**5.0/x_0**5.0 - 0.00709*x_1**4.0/x_0**4.0 - 7.0e-5*x_1**5.0/x_0**4.0 - 0.00011*x_1**6.0/x_0**4.0 - 0.01852*x_1**3.0/x_0**3.0 - 0.00032*x_1**4.0/x_0**3.0 - 0.00031*x_1**5.0/x_0**3.0 + 0.07319*x_1**2.0/x_0**2.0 + 0.0007*x_1**3.0/x_0**2.0 + 0.00123*x_1**4.0/x_0**2.0 + 2.0e-5*x_1**5.0/x_0**2.0 + 1.0e-5*x_1**6.0/x_0**2.0 + 0.06115*x_1/x_0**1.0 + 0.00207*x_1**2.0/x_0**1.0 + 0.0018*x_1**3.0/x_0**1.0 + 2.0e-5*x_1**4.0/x_0**1.0 + 2.0e-5*x_1**5.0/x_0**1.0 + 0.23474*x_0/x_1**1.0 - 0.00173*x_0*x_1 - 2.0e-5*x_0*x_1**2.0 - 4.0e-5*x_0*x_1**3.0 + 0.00033*x_0 - 0.01971*x_0**2.0/x_1**2.0 + 0.00022*x_0**2.0/x_1**1.0 + 0.0001*x_0**2.0*x_1 + 0.00017*x_0**2.0*x_1**2.0 + 0.00881*x_0**2.0 - 0.0182*x_0**3.0/x_1**3.0 + 0.00038*x_0**3.0/x_1**2.0 - 0.00332*x_0**3.0/x_1**1.0 - 8.0e-5*x_0**3.0 - 0.00025*x_0**4.0/x_1**4.0 + 3.0e-5*x_0**4.0/x_1**3.0 - 0.00048*x_0**4.0/x_1**2.0 + 3.0e-5*x_0**4.0/x_1**1.0 - 0.00016*x_0**4.0 + 0.00025*x_0**5.0/x_1**5.0 + 5.0e-5*x_0**5.0/x_1**3.0 + 5.0e-5*x_0**5.0/x_1**1.0 - 0.00396*x_1 - 0.00567*x_1**2.0 - 9.0e-5*x_1**3.0 - 8.0e-5*x_1**4.0 + 2.74305
2,"[8, 2]",0.013079289346933365,657,4.0e-5*x_1**8.0/x_0**8.0 + 0.00025*x_1**7.0/x_0**7.0 + 0.00249*x_1**6.0/x_0**6.0 - 1.0e-5*x_1**7.0/x_0**6.0 - 3.0e-5*x_1**8.0/x_0**6.0 + 0.01049*x_1**5.0/x_0**5.0 - 0.00018*x_1**7.0/x_0**5.0 + 0.04705*x_1**4.0/x_0**4.0 - 0.00013*x_1**5.0/x_0**4.0 - 0.00102*x_1**6.0/x_0**4.0 + 0.11657*x_1**3.0/x_0**3.0 + 0.00103*x_1**4.0/x_0**3.0 - 0.00259*x_1**5.0/x_0**3.0 - 1.0e-5*x_1**6.0/x_0**3.0 + 3.0e-5*x_1**7.0/x_0**3.0 + 0.25379*x_1**2.0/x_0**2.0 + 0.00428*x_1**3.0/x_0**2.0 - 0.00148*x_1**4.0/x_0**2.0 - 0.0001*x_1**5.0/x_0**2.0 - 3.0e-5*x_1**6.0/x_0**2.0 + 0.28578*x_1/x_0**1.0 + 0.01062*x_1**2.0/x_0**1.0 + 0.00569*x_1**3.0/x_0**1.0 - 8.0e-5*x_1**4.0/x_0**1.0 - 0.00016*x_1**5.0/x_0**1.0 - 0.00569*x_0/x_1**1.0 + 0.01843*x_0*x_1 + 0.00025*x_0*x_1**2.0 + 0.00018*x_0*x_1**3.0 + 0.0003*x_0 - 0.00274*x_0**2.0/x_1**2.0 - 0.00066*x_0**2.0/x_1**1.0 + 9.0e-5*x_0**2.0*x_1 + 0.00014*x_0**2.0*x_1**2.0 + 0.00262*x_0**2.0 - 0.00034*x_0**3.0/x_1**3.0 - 3.0e-5*x_0**3.0/x_1**2.0 - 0.00069*x_0**3.0/x_1**1.0 + 0.00013*x_0**3.0*x_1 + 2.0e-5*x_0**3.0 - 9.0e-5*x_0**4.0/x_1**2.0 + 3.0e-5*x_0**4.0 + 0.01312*x_1 + 0.02316*x_1**2.0 + 0.00024*x_1**3.0 - 5.0e-5*x_1**4.0 + 1.04861,6.0e-5*x_1**8.0/x_0**8.0 + 0.00044*x_1**7.0/x_0**7.0 + 0.00446*x_1**6.0/x_0**6.0 - 2.0e-5*x_1**7.0/x_0**6.0 - 4.0e-5*x_1**8.0/x_0**6.0 + 0.01884*x_1**5.0/x_0**5.0 - 2.0e-5*x_1**6.0/x_0**5.0 - 0.00023*x_1**7.0/x_0**5.0 + 0.09122*x_1**4.0/x_0**4.0 - 0.0002*x_1**5.0/x_0**4.0 - 0.00136*x_1**6.0/x_0**4.0 + 0.22972*x_1**3.0/x_0**3.0 + 0.00124*x_1**4.0/x_0**3.0 - 0.00348*x_1**5.0/x_0**3.0 - 1.0e-5*x_1**6.0/x_0**3.0 + 3.0e-5*x_1**7.0/x_0**3.0 + 0.61713*x_1**2.0/x_0**2.0 + 0.00473*x_1**3.0/x_0**2.0 - 0.0036*x_1**4.0/x_0**2.0 - 0.0001*x_1**5.0/x_0**2.0 - 1.0e-5*x_1**6.0/x_0**2.0 + 0.74255*x_1/x_0**1.0 + 0.01504*x_1**2.0/x_0**1.0 + 0.00428*x_1**3.0/x_0**1.0 - 7.0e-5*x_1**4.0/x_0**1.0 - 0.00014*x_1**5.0/x_0**1.0 - 0.13096*x_0/x_1**1.0 + 0.02886*x_0*x_1 + 0.00021*x_0*x_1**2.0 + 0.00011*x_0*x_1**3.0 + 0.00651*x_0 - 0.01752*x_0**2.0/x_1**2.0 - 0.00114*x_0**2.0/x_1**1.0 + 0.0001*x_0**2.0*x_1 + 0.0001*x_0**2.0*x_1**2.0 + 0.01548*x_0**2.0 + 0.0023*x_0**3.0/x_1**3.0 - 4.0e-5*x_0**3.0/x_1**2.0 - 0.00112*x_0**3.0/x_1**1.0 + 0.00015*x_0**3.0*x_1 - 5.0e-5*x_0**3.0 + 0.00014*x_0**4.0/x_1**4.0 - 0.00017*x_0**4.0/x_1**2.0 - 3.0e-5*x_0**4.0 - 2.0e-5*x_0**5.0/x_1**5.0 + 0.02033*x_1 + 0.03162*x_1**2.0 + 0.00025*x_1**3.0 - 1.0e-5*x_1**4.0 + 0.85327,0.0001*x_1**8.0/x_0**8.0 + 0.0007*x_1**7.0/x_0**7.0 + 0.00705*x_1**6.0/x_0**6.0 - 3.0e-5*x_1**7.0/x_0**6.0 - 7.0e-5*x_1**8.0/x_0**6.0 + 0.02976*x_1**5.0/x_0**5.0 - 2.0e-5*x_1**6.0/x_0**5.0 - 0.00038*x_1**7.0/x_0**5.0 + 0.14257*x_1**4.0/x_0**4.0 - 0.00032*x_1**5.0/x_0**4.0 - 0.00226*x_1**6.0/x_0**4.0 + 1.0e-5*x_1**7.0/x_0**4.0 + 1.0e-5*x_1**8.0/x_0**4.0 + 0.35825*x_1**3.0/x_0**3.0 + 0.00209*x_1**4.0/x_0**3.0 - 0.00576*x_1**5.0/x_0**3.0 - 1.0e-5*x_1**6.0/x_0**3.0 + 5.0e-5*x_1**7.0/x_0**3.0 + 0.93829*x_1**2.0/x_0**2.0 + 0.00813*x_1**3.0/x_0**2.0 - 0.00547*x_1**4.0/x_0**2.0 - 0.00018*x_1**5.0/x_0**2.0 - 3.0e-5*x_1**6.0/x_0**2.0 + 1.12101*x_1/x_0**1.0 + 0.02465*x_1**2.0/x_0**1.0 + 0.00813*x_1**3.0/x_0**1.0 - 0.00013*x_1**4.0/x_0**1.0 - 0.00026*x_1**5.0/x_0**1.0 - 0.17952*x_0/x_1**1.0 + 0.04654*x_0*x_1 + 0.00037*x_0*x_1**2.0 + 0.00022*x_0*x_1**3.0 + 0.0089*x_0 - 0.02482*x_0**2.0/x_1**2.0 - 0.0018*x_0**2.0/x_1**1.0 + 0.00018*x_0**2.0*x_1 + 0.00021*x_0**2.0*x_1**2.0 + 0.02202*x_0**2.0 + 0.00296*x_0**3.0/x_1**3.0 - 7.0e-5*x_0**3.0/x_1**2.0 - 0.00181*x_0**3.0/x_1**1.0 + 0.00026*x_0**3.0*x_1 - 9.0e-5*x_0**3.0 + 0.00018*x_0**4.0/x_1**4.0 - 0.00025*x_0**4.0/x_1**2.0 - 4.0e-5*x_0**4.0 - 2.0e-5*x_0**5.0/x_1**5.0 + 1.0e-5*x_0**5.0/x_1**3.0 + 0.03285*x_1 + 0.05222*x_1**2.0 + 0.00045*x_1**3.0 - 4.0e-5*x_1**4.0 + 1.87428
2,"[8, 4]",0.3145698606967926,799,-3.0e-5*x_1**7.0/x_0**7.0 - 0.00018*x_1**6.0/x_0**6.0 + 2.0e-5*x_1**8.0/x_0**6.0 - 0.00056*x_1**5.0/x_0**5.0 + 4.0e-5*x_1**6.0/x_0**5.0 + 8.0e-5*x_1**7.0/x_0**5.0 - 0.00177*x_1**4.0/x_0**4.0 + 0.0002*x_1**5.0/x_0**4.0 + 0.00034*x_1**6.0/x_0**4.0 + 1.0e-5*x_1**7.0/x_0**4.0 - 0.00332*x_1**3.0/x_0**3.0 + 0.00044*x_1**4.0/x_0**3.0 + 0.00075*x_1**5.0/x_0**3.0 + 3.0e-5*x_1**6.0/x_0**3.0 + 3.0e-5*x_1**7.0/x_0**3.0 - 0.00473*x_1**2.0/x_0**2.0 + 0.00083*x_1**3.0/x_0**2.0 + 0.00162*x_1**4.0/x_0**2.0 + 0.00018*x_1**5.0/x_0**2.0 + 0.00018*x_1**6.0/x_0**2.0 - 0.00328*x_1/x_0**1.0 + 0.00077*x_1**2.0/x_0**1.0 + 0.00189*x_1**3.0/x_0**1.0 + 0.00034*x_1**4.0/x_0**1.0 + 0.00025*x_1**5.0/x_0**1.0 + 0.00055*x_0/x_1**1.0 - 0.00029*x_0*x_1 + 0.0007*x_0*x_1**2.0 + 0.00045*x_0*x_1**3.0 - 2.0e-5*x_0*x_1**4.0 - 1.0e-5*x_0*x_1**5.0 - 0.00198*x_0 + 0.00044*x_0**2.0/x_1**2.0 - 0.00054*x_0**2.0/x_1**1.0 + 0.00074*x_0**2.0*x_1 + 0.00115*x_0**2.0*x_1**2.0 - 1.0e-5*x_0**2.0*x_1**3.0 - 1.0e-5*x_0**2.0*x_1**4.0 - 0.00615*x_0**2.0 + 0.00041*x_0**3.0/x_1**3.0 - 0.00024*x_0**3.0/x_1**2.0 - 0.00155*x_0**3.0/x_1**1.0 + 0.00052*x_0**3.0*x_1 - 2.0e-5*x_0**3.0*x_1**2.0 - 3.0e-5*x_0**3.0*x_1**3.0 + 0.00069*x_0**3.0 + 0.0001*x_0**4.0/x_1**4.0 - 0.00069*x_0**4.0/x_1**2.0 + 3.0e-5*x_0**4.0/x_1**1.0 - 2.0e-5*x_0**4.0*x_1 - 1.0e-5*x_0**4.0*x_1**2.0 + 0.00104*x_0**4.0 + 2.0e-5*x_0**5.0/x_1**3.0 - 2.0e-5*x_0**5.0*x_1 - 0.00024*x_1 + 0.00029*x_1**2.0 + 0.00087*x_1**3.0 + 0.00084*x_1**4.0 + 0.59865,-3.0e-5*x_1**7.0/x_0**7.0 - 0.00022*x_1**6.0/x_0**6.0 - 0.0007*x_1**5.0/x_0**5.0 - 0.00409*x_1**4.0/x_0**4.0 + 3.0e-5*x_1**5.0/x_0**4.0 + 5.0e-5*x_1**6.0/x_0**4.0 - 0.00982*x_1**3.0/x_0**3.0 + 0.00018*x_1**4.0/x_0**3.0 + 0.00017*x_1**5.0/x_0**3.0 - 0.0363*x_1**2.0/x_0**2.0 + 0.00073*x_1**3.0/x_0**2.0 + 0.0012*x_1**4.0/x_0**2.0 + 2.0e-5*x_1**5.0/x_0**2.0 + 2.0e-5*x_1**6.0/x_0**2.0 - 0.04387*x_1/x_0**1.0 + 0.00182*x_1**2.0/x_0**1.0 + 0.002*x_1**3.0/x_0**1.0 + 0.00011*x_1**4.0/x_0**1.0 + 6.0e-5*x_1**5.0/x_0**1.0 + 0.00074*x_0/x_1**1.0 + 0.00596*x_0*x_1 + 0.00083*x_0*x_1**2.0 + 0.00024*x_0*x_1**3.0 + 0.0057*x_0 + 0.00012*x_0**2.0/x_1**2.0 + 0.00015*x_0**2.0/x_1**1.0 + 0.0011*x_0**2.0*x_1 + 0.00212*x_0**2.0*x_1**2.0 + 0.01721*x_0**2.0 - 0.00047*x_0**3.0/x_1**3.0 - 3.0e-5*x_0**3.0/x_1**2.0 - 0.00032*x_0**3.0/x_1**1.0 + 1.0e-5*x_0**3.0*x_1 - 4.0e-5*x_0**3.0*x_1**2.0 - 2.0e-5*x_0**3.0*x_1**3.0 + 0.00082*x_0**3.0 - 0.00013*x_0**4.0/x_1**4.0 + 1.0e-5*x_0**4.0/x_1**3.0 - 0.00014*x_0**4.0/x_1**2.0 - 8.0e-5*x_0**4.0/x_1**1.0 - 2.0e-5*x_0**4.0*x_1 - 4.0e-5*x_0**4.0*x_1**2.0 + 0.00138*x_0**4.0 + 4.0e-5*x_0**5.0/x_1**3.0 - 2.0e-5*x_0**5.0/x_1**2.0 - 6.0e-5*x_0**5.0/x_1**1.0 - 2.0e-5*x_0**5.0*x_1 - 1.0e-5*x_0**5.0 + 1.0e-5*x_0**6.0/x_1**4.0 - 3.0e-5*x_0**6.0/x_1**2.0 - 1.0e-5*x_0**6.0 + 0.00339*x_1 + 0.00748*x_1**2.0 + 0.0005*x_1**3.0 + 0.0005*x_1**4.0 + 0.54578,-1.0e-5*x_1**8.0/x_0**8.0 - 7.0e-5*x_1**7.0/x_0**7.0 - 0.00043*x_1**6.0/x_0**6.0 + 1.0e-5*x_1**7.0/x_0**6.0 + 2.0e-5*x_1**8.0/x_0**6.0 - 0.00138*x_1**5.0/x_0**5.0 + 6.0e-5*x_1**6.0/x_0**5.0 + 0.0001*x_1**7.0/x_0**5.0 - 0.00616*x_1**4.0/x_0**4.0 + 0.00028*x_1**5.0/x_0**4.0 + 0.00047*x_1**6.0/x_0**4.0 + 1.0e-5*x_1**7.0/x_0**4.0 + 1.0e-5*x_1**8.0/x_0**4.0 - 0.0136*x_1**3.0/x_0**3.0 + 0.00071*x_1**4.0/x_0**3.0 + 0.00109*x_1**5.0/x_0**3.0 + 5.0e-5*x_1**6.0/x_0**3.0 + 4.0e-5*x_1**7.0/x_0**3.0 - 0.04097*x_1**2.0/x_0**2.0 + 0.00174*x_1**3.0/x_0**2.0 + 0.00318*x_1**4.0/x_0**2.0 + 0.00027*x_1**5.0/x_0**2.0 + 0.00024*x_1**6.0/x_0**2.0 - 0.0465*x_1/x_0**1.0 + 0.00273*x_1**2.0/x_0**1.0 + 0.00429*x_1**3.0/x_0**1.0 + 0.00053*x_1**4.0/x_0**1.0 + 0.00036*x_1**5.0/x_0**1.0 + 0.0014*x_0/x_1**1.0 + 0.00541*x_0*x_1 + 0.00165*x_0*x_1**2.0 + 0.0008*x_0*x_1**3.0 - 1.0e-5*x_0*x_1**4.0 - 1.0e-5*x_0*x_1**5.0 + 0.00302*x_0 + 0.00066*x_0**2.0/x_1**2.0 - 0.00052*x_0**2.0/x_1**1.0 + 0.00199*x_0**2.0*x_1 + 0.00348*x_0**2.0*x_1**2.0 - 1.0e-5*x_0**2.0*x_1**4.0 + 0.00903*x_0**2.0 + 5.0e-5*x_0**3.0/x_1**3.0 - 0.00032*x_0**3.0/x_1**2.0 - 0.00222*x_0**3.0/x_1**1.0 + 0.00066*x_0**3.0*x_1 - 4.0e-5*x_0**3.0*x_1**2.0 - 3.0e-5*x_0**3.0*x_1**3.0 + 0.00164*x_0**3.0 + 2.0e-5*x_0**4.0/x_1**3.0 - 0.00098*x_0**4.0/x_1**2.0 - 4.0e-5*x_0**4.0/x_1**1.0 - 3.0e-5*x_0**4.0*x_1 - 4.0e-5*x_0**4.0*x_1**2.0 + 0.00262*x_0**4.0 + 6.0e-5*x_0**5.0/x_1**3.0 - 1.0e-5*x_0**5.0/x_1**2.0 - 5.0e-5*x_0**5.0/x_1**1.0 - 4.0e-5*x_0**5.0*x_1 - 1.0e-5*x_0**5.0 + 2.0e-5*x_0**6.0/x_1**4.0 - 4.0e-5*x_0**6.0/x_1**2.0 - 1.0e-5*x_0**6.0 + 0.00297*x_1 + 0.00758*x_1**2.0 + 0.00154*x_1**3.0 + 0.0015*x_1**4.0 + 0.54553
2,"[8, 8]",0.014448453672230244,727,-6.0e-5*x_1**6.0/x_0**6.0 - 0.00028*x_1**5.0/x_0**5.0 + 0.00119*x_1**4.0/x_0**4.0 - 8.0e-5*x_1**5.0/x_0**4.0 - 0.00013*x_1**6.0/x_0**4.0 + 0.00505*x_1**3.0/x_0**3.0 - 0.00028*x_1**4.0/x_0**3.0 - 0.00044*x_1**5.0/x_0**3.0 + 0.06411*x_1**2.0/x_0**2.0 + 0.00037*x_1**3.0/x_0**2.0 + 0.00055*x_1**4.0/x_0**2.0 - 0.0001*x_1**5.0/x_0**2.0 - 8.0e-5*x_1**6.0/x_0**2.0 + 0.09387*x_1/x_0**1.0 + 0.00244*x_1**2.0/x_0**1.0 + 0.00172*x_1**3.0/x_0**1.0 - 0.00019*x_1**4.0/x_0**1.0 - 0.00013*x_1**5.0/x_0**1.0 - 0.02641*x_0/x_1**1.0 + 0.00441*x_0*x_1 + 0.00053*x_0*x_1**2.0 + 5.0e-5*x_0*x_1**3.0 + 0.01549*x_0 - 0.01157*x_0**2.0/x_1**2.0 - 0.00049*x_0**2.0/x_1**1.0 + 0.00045*x_0**2.0*x_1 + 0.00063*x_0**2.0*x_1**2.0 - 1.0e-5*x_0**2.0*x_1**3.0 - 1.0e-5*x_0**2.0*x_1**4.0 + 0.02067*x_0**2.0 + 0.00085*x_0**3.0/x_1**3.0 - 0.0004*x_0**3.0/x_1**2.0 - 0.00109*x_0**3.0/x_1**1.0 + 5.0e-5*x_0**3.0*x_1 - 1.0e-5*x_0**3.0*x_1**2.0 + 0.00021*x_0**3.0 + 0.00021*x_0**4.0/x_1**4.0 - 0.00052*x_0**4.0/x_1**2.0 + 2.0e-5*x_0**4.0/x_1**1.0 + 0.00013*x_0**4.0 + 1.0e-5*x_0**5.0/x_1**1.0 - 1.0e-5*x_0**5.0 + 0.02458*x_1 + 0.03752*x_1**2.0 + 0.00061*x_1**3.0 + 0.00048*x_1**4.0 - 2.0e-5*x_1**5.0 - 1.0e-5*x_1**6.0 + 0.8472,-6.0e-5*x_1**6.0/x_0**6.0 - 0.00027*x_1**5.0/x_0**5.0 + 0.00295*x_1**4.0/x_0**4.0 - 0.00011*x_1**5.0/x_0**4.0 - 0.00017*x_1**6.0/x_0**4.0 + 0.01062*x_1**3.0/x_0**3.0 - 0.00036*x_1**4.0/x_0**3.0 - 0.00057*x_1**5.0/x_0**3.0 + 0.10577*x_1**2.0/x_0**2.0 + 0.00103*x_1**3.0/x_0**2.0 + 0.00158*x_1**4.0/x_0**2.0 - 0.00014*x_1**5.0/x_0**2.0 - 0.00011*x_1**6.0/x_0**2.0 + 0.15178*x_1/x_0**1.0 + 0.00443*x_1**2.0/x_0**1.0 + 0.00361*x_1**3.0/x_0**1.0 - 0.00027*x_1**4.0/x_0**1.0 - 0.00018*x_1**5.0/x_0**1.0 - 0.04291*x_0/x_1**1.0 + 0.00676*x_0*x_1 + 0.00079*x_0*x_1**2.0 + 7.0e-5*x_0*x_1**3.0 - 1.0e-5*x_0*x_1**4.0 + 0.02469*x_0 - 0.01876*x_0**2.0/x_1**2.0 - 0.00066*x_0**2.0/x_1**1.0 + 0.00068*x_0**2.0*x_1 + 0.00095*x_0**2.0*x_1**2.0 - 2.0e-5*x_0**2.0*x_1**3.0 - 2.0e-5*x_0**2.0*x_1**4.0 + 0.03299*x_0**2.0 + 0.00126*x_0**3.0/x_1**3.0 - 0.00059*x_0**3.0/x_1**2.0 - 0.00146*x_0**3.0/x_1**1.0 + 4.0e-5*x_0**3.0*x_1 - 3.0e-5*x_0**3.0*x_1**2.0 + 0.00028*x_0**3.0 + 0.00033*x_0**4.0/x_1**4.0 - 4.0e-5*x_0**4.0/x_1**3.0 - 0.00074*x_0**4.0/x_1**2.0 + 7.0e-5*x_0**4.0/x_1**1.0 - 1.0e-5*x_0**4.0*x_1 - 2.0e-5*x_0**4.0*x_1**2.0 + 0.00016*x_0**4.0 + 1.0e-5*x_0**5.0/x_1**5.0 - 4.0e-5*x_0**5.0/x_1**3.0 + 2.0e-5*x_0**5.0/x_1**2.0 + 3.0e-5*x_0**5.0/x_1**1.0 - 3.0e-5*x_0**5.0 + 2.0e-5*x_0**6.0/x_1**2.0 - 1.0e-5*x_0**6.0 + 0.03922*x_1 + 0.05993*x_1**2.0 + 0.0012*x_1**3.0 + 0.00095*x_1**4.0 - 2.0e-5*x_1**5.0 - 1.0e-5*x_1**6.0 + 0.79473,-3.0e-5*x_1**6.0/x_0**6.0 - 0.00021*x_1**5.0/x_0**5.0 + 2.0e-5*x_1**6.0/x_0**5.0 + 2.0e-5*x_1**7.0/x_0**5.0 + 0.00722*x_1**4.0/x_0**4.0 - 0.00015*x_1**5.0/x_0**4.0 - 0.00023*x_1**6.0/x_0**4.0 + 0.02398*x_1**3.0/x_0**3.0 - 0.00047*x_1**4.0/x_0**3.0 - 0.00083*x_1**5.0/x_0**3.0 + 3.0e-5*x_1**6.0/x_0**3.0 + 2.0e-5*x_1**7.0/x_0**3.0 + 0.21983*x_1**2.0/x_0**2.0 + 0.00189*x_1**3.0/x_0**2.0 + 0.00276*x_1**4.0/x_0**2.0 - 0.00023*x_1**5.0/x_0**2.0 - 0.00018*x_1**6.0/x_0**2.0 + 0.31513*x_1/x_0**1.0 + 0.00702*x_1**2.0/x_0**1.0 + 0.00619*x_1**3.0/x_0**1.0 - 0.0004*x_1**4.0/x_0**1.0 - 0.00032*x_1**5.0/x_0**1.0 - 0.07017*x_0/x_1**1.0 + 0.01149*x_0*x_1 + 0.00074*x_0*x_1**2.0 + 0.00023*x_0*x_1**3.0 - 2.0e-5*x_0*x_1**4.0 + 0.04575*x_0 - 0.03168*x_0**2.0/x_1**2.0 - 8.0e-5*x_0**2.0/x_1**1.0 + 0.00057*x_0**2.0*x_1 + 0.00069*x_0**2.0*x_1**2.0 - 3.0e-5*x_0**2.0*x_1**3.0 - 2.0e-5*x_0**2.0*x_1**4.0 + 0.06046*x_0**2.0 + 0.00166*x_0**3.0/x_1**3.0 - 0.00071*x_0**3.0/x_1**2.0 - 0.00168*x_0**3.0/x_1**1.0 + 9.0e-5*x_0**3.0*x_1 - 1.0e-5*x_0**3.0*x_1**2.0 - 0.00018*x_0**3.0 + 0.00047*x_0**4.0/x_1**4.0 - 8.0e-5*x_0**4.0/x_1**3.0 - 0.00089*x_0**4.0/x_1**2.0 + 0.0001*x_0**4.0/x_1**1.0 - 0.00016*x_0**4.0 + 4.0e-5*x_0**5.0/x_1**5.0 - 1.0e-5*x_0**5.0/x_1**4.0 - 8.0e-5*x_0**5.0/x_1**3.0 + 3.0e-5*x_0**5.0/x_1**2.0 + 5.0e-5*x_0**5.0/x_1**1.0 - 3.0e-5*x_0**5.0 - 2.0e-5*x_0**6.0/x_1**4.0 + 2.0e-5*x_0**6.0/x_1**2.0 - 1.0e-5*x_0**6.0 + 0.07285*x_1 + 0.11213*x_1**2.0 + 0.00143*x_1**3.0 + 0.00109*x_1**4.0 - 6.0e-5*x_1**5.0 - 3.0e-5*x_1**6.0 + 1.60114
